cid,mw,polararea,xlogp,heavycnt,hbonddonor,hbondacc,rotbonds,binary_fingerprints
119,103.12,63.3,-3.2,7,2,3,3,[0. 0. 0. ... 0. 0. 1.]
137,131.13,80.4,-3.8,9,2,4,4,[0. 0. 0. ... 0. 0. 1.]
175,59.04,40.1,0.4,4,0,2,0,[0. 0. 0. ... 0. 0. 0.]
187,146.21,26.3,0.2,10,0,2,4,[0. 0. 0. ... 0. 0. 1.]
206,180.16,110.0,-2.6,12,5,6,1,[1. 0. 0. ... 0. 0. 0.]
222,17.031,1.0,-0.7,1,1,1,0,[0. 0. 0. ... 0. 0. 0.]
244,108.14,20.2,1.1,8,1,1,1,[0. 0. 0. ... 0. 0. 0.]
247,117.15,40.1,0.5,8,0,2,1,[0. 0. 0. ... 0. 0. 1.]
271,40.08,0.0,0.0,1,0,0,0,[0. 0. 0. ... 0. 0. 0.]
297,16.043,0.0,0.6,1,0,0,0,[0. 0. 0. ... 0. 0. 0.]
311,192.12,132.0,-1.7,13,4,7,5,[0. 0. 0. ... 0. 0. 0.]
312,35.45,0.0,0.8,1,0,1,0,[0. 0. 0. ... 0. 0. 0.]
338,138.12,57.5,2.3,10,2,3,1,[0. 0. 0. ... 0. 0. 0.]
444,239.74,29.1,3.2,16,1,2,4,[0. 1. 0. ... 1. 0. 1.]
564,131.17,63.3,-3.0,9,2,3,5,[0. 0. 0. ... 0. 0. 1.]
598,142.2,63.8,-0.6,7,2,4,2,[0. 0. 0. ... 0. 0. 0.]
612,90.08,57.5,-0.7,6,2,3,1,[0. 0. 0. ... 0. 0. 0.]
679,78.14,36.3,-0.6,4,0,2,0,[0. 0. 0. ... 0. 0. 0.]
681,153.18,66.5,-1.0,11,3,3,2,[0. 0. 0. ... 0. 0. 1.]
700,61.08,46.2,-1.3,4,2,2,1,[0. 0. 0. ... 0. 0. 1.]
727,290.8,0.0,3.8,12,0,0,0,[0. 0. 0. ... 0. 0. 0.]
750,75.07,63.3,-3.2,5,2,3,1,[0. 0. 0. ... 0. 0. 1.]
753,92.09,60.7,-1.8,6,3,3,2,[0. 0. 0. ... 0. 0. 0.]
767,62.025,57.5,-0.1,4,2,3,0,[0. 0. 0. ... 0. 0. 0.]
772,1134.9,652.0,-10.8,70,15,38,21,[1. 0. 1. ... 0. 1. 1.]
774,111.15,54.7,-0.7,8,2,2,2,[1. 0. 0. ... 1. 0. 1.]
785,110.11,40.5,0.6,8,2,2,0,[0. 0. 0. ... 0. 0. 0.]
813,39.098,0.0,0.0,1,0,0,0,[0. 0. 0. ... 0. 0. 0.]
888,24.305,0.0,0.0,1,0,0,0,[0. 0. 0. ... 0. 0. 0.]
896,232.28,54.1,0.8,17,2,2,4,[1. 0. 0. ... 0. 0. 1.]
923,22.989,0.0,0.0,1,0,0,0,[0. 0. 0. ... 0. 0. 0.]
937,122.1,53.0,0.9,9,0,3,0,[1. 0. 0. ... 0. 0. 0.]
942,162.23,16.1,1.2,12,0,2,1,[1. 0. 0. ... 0. 0. 1.]
946,46.006,52.5,-0.8,3,0,3,0,[0. 0. 0. ... 0. 0. 0.]
948,44.013,19.1,0.5,3,0,2,0,[0. 0. 0. ... 0. 0. 0.]
961,17.007,1.0,-0.6,1,1,1,0,[0. 0. 0. ... 0. 0. 0.]
1003,96.987,80.6,-2.2,5,2,4,0,[0. 0. 0. ... 0. 0. 0.]
1046,123.11,68.9,-0.6,9,1,3,1,[1. 0. 0. ... 0. 0. 1.]
1054,169.18,73.6,-0.8,12,3,4,2,[1. 1. 0. ... 0. 0. 0.]
1084,112.13,104.0,0.2,5,0,4,0,[0. 0. 0. ... 0. 0. 0.]
1130,265.36,104.0,1.0,18,2,5,4,[1. 1. 1. ... 0. 1. 0.]
1727,94.11,38.9,0.3,7,1,2,0,[1. 0. 0. ... 0. 0. 0.]
1775,252.27,58.2,2.5,19,2,2,2,[0. 0. 1. ... 0. 1. 1.]
1978,336.4,87.7,1.7,24,3,5,10,[0. 0. 0. ... 0. 0. 1.]
1983,151.16,49.3,0.5,11,2,2,1,[0. 0. 0. ... 0. 0. 1.]
1986,222.3,152.0,-0.3,13,2,7,2,[1. 1. 1. ... 0. 0. 1.]
1990,75.07,49.3,-1.6,5,2,2,0,[0. 0. 0. ... 0. 0. 1.]
1993,160.23,26.3,0.6,11,0,2,4,[0. 0. 0. ... 0. 0. 1.]
2019,1255.4,356.0,3.8,90,5,18,8,[1. 1. 1. ... 1. 1. 1.]
2082,265.33,92.3,2.9,18,2,4,5,[1. 0. 0. ... 0. 0. 1.]
2083,239.31,72.7,0.3,17,4,4,5,[0. 0. 0. ... 1. 0. 1.]
2088,249.1,161.0,-6.5,14,6,8,5,[0. 0. 1. ... 0. 0. 1.]
2092,389.4,112.0,1.7,28,2,8,8,[1. 0. 1. ... 0. 1. 1.]
2099,294.35,53.9,1.6,22,1,2,2,[1. 1. 0. ... 0. 0. 1.]
2118,308.8,43.1,2.1,22,0,3,1,[1. 0. 1. ... 1. 1. 1.]
2123,210.28,48.4,2.7,15,0,6,3,[0. 0. 0. ... 0. 0. 1.]
2130,151.25,26.0,2.4,11,1,1,0,[0. 0. 0. ... 0. 0. 1.]
2140,613.91,95.5,1.8,20,3,4,3,[0. 1. 0. ... 0. 0. 1.]
2141,214.23,121.0,-4.5,12,4,6,7,[0. 0. 1. ... 0. 0. 1.]
2145,232.28,72.2,1.2,17,2,3,2,[0. 0. 0. ... 1. 1. 1.]
2148,194.19,92.4,-0.9,14,3,4,3,[0. 1. 0. ... 0. 0. 1.]
2153,180.16,69.3,0.0,13,1,3,0,[1. 0. 0. ... 0. 0. 1.]
2156,646.3,43.9,7.6,31,1,3,11,[0. 1. 0. ... 1. 1. 1.]
2159,369.5,110.0,1.5,25,2,6,7,[0. 1. 0. ... 0. 1. 1.]
2160,277.4,3.2,5.0,21,0,1,3,[0. 1. 0. ... 0. 0. 1.]
2161,298.29,103.0,3.1,22,2,6,2,[1. 1. 0. ... 1. 0. 1.]
2162,408.9,99.9,3.0,28,2,7,10,[0. 0. 1. ... 1. 1. 1.]
2163,225.26,81.6,2.3,16,1,3,4,[1. 0. 0. ... 1. 0. 1.]
2170,313.8,36.9,2.6,22,1,3,1,[1. 0. 1. ... 0. 0. 1.]
2179,393.5,88.7,4.0,28,2,6,5,[1. 0. 1. ... 0. 0. 1.]
2187,293.4,78.3,2.1,22,0,4,4,[0. 0. 0. ... 1. 0. 0.]
2216,245.11,62.4,1.3,15,3,2,2,[0. 0. 0. ... 0. 0. 1.]
2244,180.16,63.6,1.2,13,1,4,3,[0. 0. 0. ... 0. 0. 0.]
2249,266.34,84.6,0.2,19,3,4,8,[0. 0. 0. ... 0. 0. 1.]
2265,277.27,143.0,0.1,19,1,7,2,[1. 0. 0. ... 1. 0. 0.]
2266,188.22,74.6,1.6,13,2,4,8,[0. 0. 0. ... 0. 0. 0.]
2267,381.9,35.9,4.4,27,0,3,3,[1. 0. 1. ... 1. 0. 1.]
2284,213.66,63.3,-1.0,14,2,3,4,[0. 0. 0. ... 0. 0. 1.]
2315,421.4,135.0,1.2,27,3,10,3,[1. 0. 1. ... 0. 1. 1.]
2337,165.19,52.3,1.9,12,1,3,3,[0. 0. 0. ... 0. 0. 0.]
2341,239.35,3.2,4.1,18,0,1,5,[0. 0. 0. ... 0. 0. 1.]
2345,212.24,26.3,4.0,16,0,2,4,[0. 0. 0. ... 0. 0. 0.]
2349,334.4,112.0,1.8,23,2,5,4,[0. 1. 0. ... 1. 1. 1.]
2351,366.5,15.7,5.3,27,0,3,10,[0. 1. 0. ... 0. 1. 1.]
2366,136.19,24.9,0.4,10,1,2,3,[1. 0. 0. ... 0. 0. 1.]
2369,307.4,50.7,2.8,22,2,4,11,[0. 0. 0. ... 0. 0. 1.]
2370,161.22,52.3,0.0,11,1,2,4,[0. 0. 0. ... 0. 0. 1.]
2375,430.4,116.0,2.3,29,2,9,5,[1. 0. 0. ... 0. 0. 1.]
2391,361.4,65.5,3.8,27,0,5,7,[1. 0. 0. ... 0. 0. 0.]
2405,325.4,60.0,1.9,23,2,5,12,[0. 0. 0. ... 0. 0. 1.]
2431,243.16,0.0,2.8,13,0,0,3,[0. 0. 0. ... 0. 0. 1.]
2435,292.13,62.2,0.6,17,2,3,2,[1. 0. 1. ... 1. 0. 1.]
2441,316.15,54.4,1.7,19,1,3,1,[1. 0. 1. ... 0. 0. 1.]
2442,376.13,29.3,4.3,18,1,2,3,[0. 0. 0. ... 0. 0. 1.]
2462,430.5,93.1,2.5,31,2,6,4,[1. 0. 0. ... 0. 1. 0.]
2471,364.4,127.0,2.8,25,3,7,8,[0. 0. 1. ... 0. 0. 1.]
2474,288.4,32.299,3.4,21,1,2,5,[0. 0. 0. ... 0. 0. 1.]
2477,385.5,69.6,2.6,28,0,6,6,[1. 0. 0. ... 0. 1. 1.]
2478,246.3,104.0,-0.5,14,0,6,7,[0. 0. 0. ... 0. 0. 0.]
2479,212.25,75.3,1.6,15,2,3,3,[0. 1. 1. ... 0. 1. 1.]
2484,317.5,3.2,6.3,24,0,1,5,[0. 0. 0. ... 0. 0. 1.]
2519,194.19,58.4,-0.1,14,0,3,0,[1. 1. 0. ... 0. 0. 1.]
2520,454.6,64.0,3.8,33,0,6,13,[0. 0. 0. ... 0. 1. 1.]
2540,610.7,143.0,7.0,45,1,10,13,[1. 1. 0. ... 0. 0. 0.]
2541,440.5,119.0,4.1,33,2,7,7,[1. 1. 0. ... 0. 0. 0.]
2551,147.2,52.3,-0.4,10,1,2,4,[0. 0. 0. ... 0. 0. 1.]
2554,236.27,46.3,2.5,18,1,1,0,[0. 0. 0. ... 1. 0. 1.]
2564,290.79,25.4,2.9,20,0,3,6,[1. 0. 0. ... 0. 1. 1.]
2576,260.329,90.6,1.9,18,2,4,9,[0. 0. 0. ... 0. 0. 1.]
2578,214.05,61.8,1.5,12,1,3,4,[0. 0. 0. ... 0. 0. 1.]
2583,292.37,70.6,1.0,21,3,4,6,[0. 0. 0. ... 0. 0. 1.]
2585,406.5,75.7,4.2,30,3,5,10,[1. 0. 1. ... 0. 0. 1.]
2610,363.4,158.0,-2.1,25,4,7,4,[0. 1. 0. ... 1. 0. 1.]
2617,453.5,238.0,0.3,29,1,12,6,[0. 1. 0. ... 1. 0. 1.]
2662,381.4,86.4,3.4,26,1,7,3,[1. 1. 1. ... 1. 0. 1.]
2663,379.5,90.9,1.9,27,3,5,10,[0. 0. 0. ... 0. 0. 1.]
2678,388.9,53.0,1.7,27,1,5,8,[0. 0. 0. ... 0. 0. 1.]
2708,304.2,40.5,1.7,19,1,3,9,[0. 0. 0. ... 0. 0. 1.]
2712,299.75,48.2,2.4,21,1,3,1,[1. 1. 0. ... 1. 1. 1.]
2719,319.9,28.2,4.6,22,1,3,8,[1. 0. 0. ... 0. 0. 1.]
2720,295.7,135.0,-0.2,17,2,6,1,[0. 0. 1. ... 0. 0. 1.]
2725,274.79,16.1,3.4,19,0,2,5,[1. 0. 0. ... 0. 1. 1.]
2726,318.9,31.8,5.2,21,0,3,4,[0. 0. 1. ... 1. 1. 1.]
2727,276.74,83.6,2.3,17,2,3,4,[0. 0. 1. ... 0. 0. 1.]
2732,338.8,118.0,0.9,22,3,5,2,[1. 1. 1. ... 1. 0. 1.]
2733,169.56,38.3,1.8,11,1,2,0,[1. 0. 0. ... 0. 0. 1.]
2749,207.27,40.5,2.0,15,1,2,1,[1. 0. 0. ... 0. 0. 1.]
2754,369.5,81.9,3.1,27,1,5,7,[0. 1. 0. ... 1. 1. 1.]
2756,252.34,114.0,0.4,17,3,4,7,[1. 0. 0. ... 0. 0. 1.]
2762,262.22,88.4,2.1,19,1,7,2,[1. 0. 1. ... 1. 0. 1.]
2764,331.34,72.9,-1.1,24,2,7,3,[1. 1. 0. ... 0. 0. 1.]
2767,298.03,2.0,0.0,5,2,2,0,[0. 0. 0. ... 0. 0. 0.]
2771,324.4,36.3,3.2,24,0,4,5,[0. 1. 0. ... 0. 1. 1.]
2789,300.74,40.6,2.1,21,0,2,1,[0. 0. 1. ... 1. 1. 1.]
2794,473.4,40.0,7.1,33,1,4,4,[1. 1. 1. ... 0. 1. 1.]
2801,314.9,6.5,5.2,22,0,2,4,[0. 0. 1. ... 0. 1. 1.]
2802,315.71,87.3,2.4,22,1,4,1,[1. 0. 1. ... 0. 0. 1.]
2803,230.09,36.4,1.6,14,2,1,2,[0. 0. 0. ... 0. 0. 1.]
2809,314.72,78.8,3.3,22,2,4,2,[1. 0. 1. ... 0. 0. 1.]
2812,344.8,17.8,5.0,25,0,1,4,[0. 0. 0. ... 0. 0. 0.]
2881,466.3,172.0,3.2,34,1,11,6,[0. 1. 0. ... 1. 1. 1.]
2895,275.4,3.2,5.2,21,0,1,3,[1. 1. 0. ... 0. 0. 1.]
2905,291.4,49.8,2.7,21,1,4,7,[1. 1. 1. ... 0. 1. 1.]
2907,261.079,41.6,0.6,14,1,4,5,[0. 0. 0. ... 1. 0. 1.]
2913,287.4,3.2,4.7,22,0,1,0,[1. 1. 0. ... 0. 0. 1.]
2955,248.3,94.6,1.0,17,2,4,2,[0. 0. 0. ... 0. 0. 0.]
2972,139.15,40.5,0.5,10,1,3,0,[1. 0. 0. ... 0. 0. 0.]
2973,560.7,206.0,-2.1,39,6,9,23,[0. 1. 0. ... 0. 0. 1.]
2995,266.4,15.3,4.9,20,1,2,4,[0. 0. 1. ... 0. 1. 1.]
3007,135.21,26.0,1.8,10,1,1,2,[0. 0. 0. ... 0. 0. 1.]
3009,182.17,89.3,-2.9,12,3,6,5,[0. 0. 0. ... 0. 0. 1.]
3016,284.74,32.7,3.0,20,0,2,1,[1. 0. 1. ... 0. 0. 1.]
3019,230.67,66.9,1.2,14,1,3,0,[0. 0. 1. ... 0. 0. 1.]
3032,295.1,52.2,5.0,19,1,3,3,[0. 0. 0. ... 0. 0. 0.]
3038,305.2,137.0,0.3,16,2,6,2,[0. 0. 1. ... 0. 0. 1.]
3042,309.5,29.5,5.5,22,0,3,8,[0. 0. 1. ... 0. 0. 1.]
3053,393.35,196.0,-8.5,27,5,13,16,[0. 0. 0. ... 0. 0. 1.]
3059,250.2,57.5,4.4,18,2,5,2,[0. 1. 0. ... 0. 0. 0.]
3080,124.23,22.2,0.2,6,3,3,2,[0. 0. 0. ... 0. 0. 0.]
3100,255.35,12.5,3.3,19,0,2,6,[0. 0. 0. ... 0. 0. 1.]
3105,351.4,84.9,2.9,25,2,6,9,[0. 0. 0. ... 0. 0. 1.]
3108,504.6,145.0,0.7,36,4,12,12,[1. 0. 1. ... 0. 0. 1.]
3114,339.5,59.2,3.2,25,1,3,8,[1. 0. 0. ... 1. 1. 1.]
3117,296.5,121.0,3.9,16,0,4,7,[0. 1. 0. ... 0. 0. 1.]
3121,144.21,37.3,2.8,10,1,2,5,[0. 0. 0. ... 0. 0. 0.]
3151,425.9,67.9,3.9,30,2,3,5,[1. 0. 0. ... 0. 1. 1.]
3152,379.5,38.8,4.3,28,0,4,6,[1. 1. 0. ... 0. 0. 1.]
3154,324.4,151.0,0.4,19,2,7,3,[0. 1. 1. ... 1. 1. 1.]
3156,378.5,32.8,3.3,28,0,3,6,[0. 0. 1. ... 1. 1. 1.]
3157,451.5,112.0,2.5,33,1,9,4,[1. 0. 0. ... 0. 1. 1.]
3158,279.4,12.5,4.3,21,0,2,3,[1. 1. 0. ... 0. 0. 1.]
3168,379.4,52.6,3.5,28,1,4,6,[1. 0. 0. ... 0. 1. 1.]
3182,254.24,98.9,-1.8,18,2,5,3,[1. 1. 0. ... 0. 0. 1.]
3198,381.7,27.0,5.3,24,0,2,6,[0. 0. 0. ... 0. 0. 0.]
3202,166.24,20.2,1.8,12,1,1,2,[0. 0. 0. ... 0. 0. 1.]
3219,302.4,33.5,2.2,22,0,4,5,[1. 0. 1. ... 1. 1. 1.]
3226,184.49,9.2,2.1,10,0,6,3,[0. 0. 0. ... 0. 0. 0.]
3241,249.31,41.6,3.5,19,1,1,0,[1. 1. 0. ... 0. 0. 1.]
3261,294.74,43.1,1.7,21,0,3,1,[1. 0. 1. ... 1. 1. 1.]
3278,303.13,63.6,3.8,19,1,4,6,[0. 1. 0. ... 0. 0. 0.]
3279,204.31,64.5,-0.1,14,4,4,9,[0. 0. 0. ... 0. 1. 1.]
3291,141.17,46.2,0.4,10,1,2,1,[0. 1. 0. ... 0. 0. 1.]
3292,204.22,49.4,1.0,15,1,2,2,[0. 0. 0. ... 0. 0. 1.]
3305,206.03,135.0,-3.7,11,5,7,2,[0. 0. 1. ... 0. 0. 1.]
3308,287.35,62.3,2.8,21,2,3,4,[1. 0. 0. ... 0. 1. 1.]
3324,321.33,122.0,0.0,23,1,8,9,[1. 0. 0. ... 0. 0. 0.]
3331,238.24,105.0,0.6,17,2,4,7,[0. 1. 0. ... 0. 0. 1.]
3333,384.2,64.599,3.9,25,1,5,6,[0. 0. 1. ... 1. 1. 1.]
3339,360.8,52.6,5.2,25,0,4,7,[0. 0. 1. ... 0. 0. 0.]
3340,306.76,77.3,2.4,21,4,3,1,[0. 1. 0. ... 0. 1. 1.]
3342,242.27,46.5,3.3,18,1,3,4,[0. 0. 0. ... 0. 0. 1.]
3345,336.5,23.6,4.0,25,0,2,6,[0. 0. 1. ... 0. 1. 1.]
3348,501.7,81.0,3.0,37,3,5,10,[0. 0. 1. ... 0. 1. 1.]
3354,391.5,55.8,4.3,29,0,5,6,[0. 1. 0. ... 1. 0. 1.]
3355,415.35,64.2,3.8,28,2,10,7,[0. 1. 0. ... 0. 1. 1.]
3364,453.9,138.0,2.6,30,2,8,4,[1. 1. 1. ... 0. 1. 1.]
3365,306.27,81.6,0.4,22,1,7,5,[0. 0. 0. ... 1. 1. 0.]
3366,129.09,67.5,-0.9,9,2,3,0,[1. 0. 0. ... 0. 0. 1.]
3372,437.5,55.2,4.4,30,1,8,6,[1. 0. 1. ... 1. 1. 1.]
3373,303.29,64.4,1.0,22,0,5,3,[1. 1. 0. ... 0. 1. 1.]
3380,313.28,78.5,2.1,23,0,5,1,[1. 0. 1. ... 0. 0. 1.]
3385,130.08,58.2,-0.9,9,2,3,0,[1. 0. 0. ... 0. 0. 1.]
3386,309.33,21.3,4.0,22,1,5,6,[1. 0. 0. ... 0. 0. 1.]
3388,591.8,61.3,9.0,41,0,9,16,[1. 0. 1. ... 1. 1. 1.]
3393,387.9,35.9,3.0,27,0,4,6,[1. 0. 1. ... 0. 0. 1.]
3394,244.26,37.3,4.2,18,1,3,3,[0. 1. 0. ... 0. 0. 0.]
3397,276.21,74.9,3.3,19,1,6,2,[1. 0. 0. ... 0. 0. 1.]
3406,82.1,28.7,1.4,6,1,1,0,[1. 0. 0. ... 0. 0. 0.]
3410,344.4,90.8,1.8,25,4,5,8,[0. 1. 0. ... 0. 0. 1.]
3414,122.98,103.0,-1.3,7,0,5,0,[0. 0. 0. ... 0. 0. 0.]
3440,330.74,131.0,2.0,21,3,7,5,[0. 0. 1. ... 0. 1. 1.]
3446,171.24,63.3,-1.1,12,2,3,3,[0. 0. 0. ... 0. 0. 1.]
3463,250.33,46.5,3.8,18,1,3,6,[0. 0. 0. ... 0. 0. 0.]
3467,477.6,200.0,-4.1,33,8,12,7,[1. 0. 0. ... 0. 0. 1.]
3475,323.4,86.9,1.5,22,2,4,3,[0. 0. 1. ... 0. 1. 1.]
3476,490.6,133.0,3.9,34,3,5,7,[0. 1. 1. ... 0. 1. 1.]
3478,445.5,139.0,1.9,31,3,6,7,[1. 1. 1. ... 0. 0. 1.]
3488,494.0,122.0,4.8,33,3,5,8,[0. 1. 1. ... 0. 0. 1.]
3494,318.4,46.5,3.1,23,1,3,5,[1. 1. 1. ... 0. 1. 1.]
3510,312.4,50.2,2.8,23,1,3,2,[1. 0. 1. ... 1. 1. 1.]
3516,198.22,58.9,1.4,14,2,4,5,[0. 0. 0. ... 0. 0. 0.]
3517,231.08,76.8,1.7,14,2,2,2,[1. 1. 0. ... 0. 0. 1.]
3519,246.09,81.5,2.0,15,2,1,2,[0. 0. 0. ... 0. 0. 1.]
3520,59.07,75.9,-1.3,4,3,1,0,[0. 0. 0. ... 0. 0. 1.]
3559,375.9,40.5,3.2,26,1,4,6,[0. 0. 0. ... 0. 0. 1.]
3598,406.9,40.5,7.5,21,2,2,2,[1. 0. 0. ... 0. 0. 0.]
3623,275.34,49.8,1.9,20,1,4,4,[0. 1. 0. ... 0. 0. 1.]
3637,160.18,63.8,0.7,12,2,4,1,[1. 0. 1. ... 0. 0. 0.]
3639,297.7,135.0,-0.1,17,3,7,1,[0. 0. 1. ... 0. 0. 1.]
3647,331.3,135.0,0.4,20,3,10,1,[1. 0. 1. ... 0. 1. 1.]
3652,335.9,48.4,3.6,23,2,4,9,[1. 0. 0. ... 0. 0. 1.]
3657,76.055,75.4,-1.8,5,3,2,0,[0. 0. 0. ... 0. 0. 1.]
3658,374.9,35.9,3.7,26,1,4,8,[0. 0. 0. ... 0. 0. 1.]
3661,289.4,49.8,1.8,21,1,4,5,[0. 1. 1. ... 0. 0. 1.]
3672,206.28,37.3,3.5,15,1,2,4,[0. 0. 0. ... 0. 0. 0.]
3675,136.19,38.0,1.2,10,2,2,3,[0. 0. 0. ... 0. 0. 1.]
3676,234.34,32.299,2.3,17,1,2,5,[0. 0. 0. ... 0. 0. 1.]
3690,261.079,41.6,0.9,14,1,4,5,[0. 0. 0. ... 1. 0. 1.]
3696,280.4,6.5,4.8,21,0,2,4,[0. 0. 1. ... 0. 1. 1.]
3702,365.8,101.0,2.9,24,2,5,3,[1. 1. 1. ... 1. 1. 1.]
3715,357.8,68.5,4.3,25,1,4,4,[1. 0. 0. ... 0. 1. 0.]
3724,1550.2,339.0,-3.4,62,13,15,22,[0. 1. 1. ... 0. 1. 1.]
3730,821.1,200.0,-3.0,34,8,9,12,[0. 1. 0. ... 0. 1. 1.]
3736,791.1,169.0,-2.1,32,6,8,11,[0. 1. 0. ... 0. 1. 1.]
3737,613.91,95.5,1.9,20,3,4,3,[0. 1. 0. ... 0. 1. 1.]
3738,1626.2,400.0,-4.2,67,16,18,24,[0. 1. 1. ... 0. 1. 1.]
3739,1139.8,133.0,5.5,34,4,6,9,[0. 1. 0. ... 0. 0. 1.]
3741,807.1,200.0,-3.0,33,8,9,12,[0. 1. 0. ... 0. 1. 1.]
3742,1268.9,194.0,2.8,43,6,8,10,[0. 1. 0. ... 0. 1. 1.]
3743,791.1,180.0,-2.4,32,7,8,11,[0. 1. 0. ... 0. 1. 1.]
3746,332.5,46.5,2.6,24,1,3,6,[0. 1. 1. ... 0. 0. 1.]
3749,428.5,87.1,4.1,32,1,5,7,[0. 1. 1. ... 0. 0. 1.]
3759,231.25,67.2,1.5,17,2,4,4,[1. 0. 0. ... 1. 1. 1.]
3763,184.49,9.2,2.1,10,0,6,2,[0. 0. 0. ... 0. 0. 0.]
3767,137.14,68.0,-0.7,10,2,3,1,[1. 1. 0. ... 0. 0. 1.]
3779,211.26,72.7,-0.6,15,4,4,4,[0. 0. 0. ... 0. 0. 1.]
3783,301.4,61.7,2.8,22,3,4,7,[0. 0. 0. ... 0. 0. 1.]
3784,371.4,104.0,4.3,27,1,8,6,[1. 0. 1. ... 1. 0. 1.]
3821,237.72,29.1,2.2,16,1,2,2,[0. 0. 0. ... 1. 0. 1.]
3825,254.28,54.4,3.1,19,1,3,4,[0. 0. 0. ... 0. 0. 0.]
3826,255.27,59.3,1.9,19,1,3,3,[1. 0. 0. ... 1. 1. 0.]
3827,309.4,48.6,3.2,22,0,3,0,[1. 1. 0. ... 0. 1. 1.]
3830,215.21,79.6,1.0,16,2,5,3,[1. 0. 0. ... 1. 1. 1.]
3848,166.17,57.5,1.1,12,2,3,3,[0. 0. 0. ... 0. 0. 0.]
3869,328.4,95.6,3.1,24,4,4,8,[0. 1. 0. ... 1. 0. 1.]
3878,256.089,90.7,1.4,16,2,5,1,[0. 1. 0. ... 0. 1. 0.]
3883,369.4,87.1,2.8,25,1,8,5,[1. 0. 0. ... 0. 1. 0.]
3899,270.21,55.1,2.5,19,1,6,2,[1. 1. 0. ... 0. 1. 1.]
3902,285.3,78.3,2.7,22,0,4,3,[0. 0. 0. ... 1. 0. 0.]
3939,24.0,1.0,0.0,2,1,1,0,[0. 0. 0. ... 0. 0. 0.]
3948,351.35,72.9,-0.8,25,2,8,3,[1. 1. 1. ... 0. 0. 1.]
3950,233.69,61.8,2.8,15,1,3,3,[0. 0. 0. ... 0. 1. 1.]
3954,478.0,45.0,5.0,34,2,2,7,[0. 0. 1. ... 1. 1. 1.]
3957,382.9,42.4,5.2,27,0,3,2,[1. 1. 0. ... 0. 0. 1.]
3958,321.2,61.7,2.4,21,2,3,1,[1. 1. 1. ... 0. 0. 1.]
3961,422.9,92.5,4.3,30,2,5,8,[0. 1. 0. ... 0. 0. 0.]
3964,327.8,28.1,3.1,23,0,3,1,[1. 0. 1. ... 0. 0. 1.]
3998,186.23,94.6,-0.7,12,2,4,2,[0. 0. 1. ... 0. 0. 1.]
4004,330.4,128.0,2.4,19,0,8,11,[1. 0. 1. ... 0. 0. 0.]
4011,277.4,12.0,4.6,21,1,1,4,[0. 1. 0. ... 0. 1. 1.]
4030,295.29,84.1,2.8,22,2,4,4,[1. 0. 0. ... 0. 0. 1.]
4031,429.5,57.2,5.2,31,0,6,14,[0. 0. 0. ... 0. 0. 1.]
4032,167.29,12.0,2.6,12,1,1,1,[0. 0. 1. ... 0. 0. 1.]
4033,156.05,3.2,0.9,8,0,1,4,[0. 0. 0. ... 0. 0. 1.]
4034,390.9,6.5,5.8,28,0,2,5,[0. 0. 0. ... 0. 0. 1.]
4036,295.1,52.2,5.8,19,1,3,2,[0. 0. 0. ... 0. 0. 1.]
4044,241.28,49.3,5.1,18,2,3,3,[0. 0. 0. ... 0. 0. 1.]
4051,373.4,139.0,0.0,24,1,7,2,[0. 1. 1. ... 0. 0. 1.]
4054,179.3,26.0,3.3,13,1,1,0,[0. 0. 0. ... 0. 0. 1.]
4057,340.4,46.5,3.2,25,1,3,5,[0. 1. 0. ... 0. 1. 1.]
4058,247.33,29.5,2.5,18,0,3,4,[0. 0. 1. ... 0. 0. 1.]
4060,218.25,49.4,1.5,16,1,2,2,[0. 1. 0. ... 1. 1. 1.]
4062,246.35,32.299,1.9,18,1,2,2,[0. 0. 0. ... 0. 0. 1.]
4064,218.25,105.0,0.7,15,2,4,8,[0. 0. 0. ... 0. 0. 1.]
4075,153.14,83.6,1.3,11,3,4,1,[0. 0. 0. ... 0. 0. 0.]
4086,211.26,72.7,0.7,15,4,4,4,[0. 0. 0. ... 0. 0. 1.]
4091,129.16,91.5,-1.3,9,3,1,2,[0. 0. 0. ... 0. 0. 1.]
4095,309.4,20.3,3.9,23,0,2,7,[0. 0. 0. ... 0. 1. 1.]
4100,236.3,139.0,0.1,14,1,6,1,[1. 0. 1. ... 1. 1. 1.]
4101,140.19,13.0,0.3,10,0,4,0,[0. 0. 0. ... 0. 1. 1.]
4107,241.24,91.0,0.6,17,2,5,7,[0. 0. 0. ... 0. 0. 1.]
4114,216.19,48.7,1.9,16,0,4,1,[0. 1. 0. ... 1. 0. 0.]
4120,318.4,59.1,1.3,23,1,4,5,[1. 1. 1. ... 0. 0. 1.]
4121,360.2,126.0,1.4,20,2,7,2,[0. 0. 1. ... 0. 0. 1.]
4139,284.4,43.9,2.2,20,0,3,1,[1. 1. 1. ... 0. 1. 1.]
4158,233.31,38.3,0.2,17,1,3,4,[0. 0. 1. ... 0. 1. 1.]
4168,299.79,67.6,2.6,20,2,4,7,[0. 1. 1. ... 0. 0. 1.]
4170,365.8,101.0,4.1,24,2,5,2,[0. 1. 1. ... 1. 1. 1.]
4171,267.36,50.7,1.9,19,2,4,9,[0. 0. 0. ... 0. 0. 1.]
4173,171.15,83.9,0.0,12,1,4,2,[0. 0. 1. ... 0. 0. 0.]
4174,226.27,42.8,2.0,17,0,3,3,[1. 0. 0. ... 0. 1. 0.]
4178,179.26,35.2,2.1,13,1,2,3,[0. 0. 0. ... 0. 0. 1.]
4184,264.4,6.5,3.4,20,0,2,0,[0. 1. 1. ... 0. 1. 1.]
4189,416.1,27.0,5.3,25,0,2,6,[0. 0. 0. ... 0. 0. 0.]
4192,325.8,30.2,2.5,23,0,3,1,[1. 0. 1. ... 0. 1. 1.]
4195,254.28,93.8,-0.6,18,3,5,6,[0. 0. 0. ... 0. 0. 1.]
4197,211.22,65.8,0.0,16,1,3,1,[1. 1. 0. ... 0. 0. 1.]
4201,209.25,88.9,1.2,15,3,3,1,[1. 1. 1. ... 1. 0. 1.]
4205,265.35,19.4,3.3,20,0,3,0,[1. 1. 1. ... 0. 1. 1.]
4211,320.0,0.0,6.2,18,0,0,3,[0. 0. 0. ... 0. 1. 0.]
4212,444.5,163.0,1.0,32,8,10,12,[1. 1. 0. ... 0. 0. 1.]
4235,268.74,41.6,1.5,18,1,3,4,[0. 1. 0. ... 0. 0. 1.]
4236,273.4,79.4,1.7,19,1,3,5,[1. 0. 0. ... 0. 0. 1.]
4253,285.34,52.9,0.8,21,2,4,0,[1. 0. 1. ... 1. 1. 1.]
4274,382.5,36.9,0.5,24,0,4,19,[0. 0. 0. ... 0. 0. 0.]
4409,228.29,26.3,3.1,17,0,2,4,[0. 0. 0. ... 0. 0. 0.]
4421,232.23,70.5,1.4,17,1,5,2,[1. 0. 0. ... 0. 0. 1.]
4436,210.27,24.4,2.1,16,1,1,2,[0. 0. 0. ... 0. 0. 1.]
4440,335.5,73.6,2.0,23,2,4,5,[1. 0. 1. ... 0. 0. 1.]
4449,470.0,51.6,4.3,33,0,5,10,[0. 0. 1. ... 1. 1. 1.]
4450,253.34,12.5,2.9,19,0,2,1,[0. 1. 0. ... 0. 0. 1.]
4454,614.6,353.0,-9.0,42,13,19,9,[1. 0. 0. ... 0. 0. 1.]
4456,223.29,29.5,1.5,16,0,2,3,[0. 0. 0. ... 0. 0. 1.]
4463,266.3,58.1,2.0,20,1,4,1,[1. 1. 1. ... 0. 1. 1.]
4473,480.5,115.0,3.8,35,2,7,10,[0. 0. 1. ... 1. 0. 1.]
4485,346.3,110.0,2.2,25,1,7,5,[0. 0. 1. ... 1. 0. 1.]
4493,317.22,95.2,2.0,22,1,7,1,[1. 1. 0. ... 0. 0. 1.]
4497,418.4,120.0,3.1,30,1,8,9,[0. 0. 1. ... 1. 0. 1.]
4499,388.4,110.0,3.3,28,1,7,7,[0. 0. 1. ... 1. 0. 1.]
4506,281.27,87.3,2.2,21,1,4,1,[1. 0. 1. ... 0. 0. 1.]
4510,227.09,165.0,1.6,15,0,9,5,[0. 0. 0. ... 0. 0. 0.]
4539,319.33,72.9,-1.0,23,2,7,3,[1. 0. 0. ... 0. 0. 1.]
4543,263.4,12.0,4.5,20,1,1,3,[0. 1. 0. ... 0. 0. 1.]
4583,361.4,73.3,-0.4,26,1,8,2,[1. 1. 0. ... 1. 0. 1.]
4594,345.4,96.3,2.2,24,1,6,5,[1. 0. 0. ... 0. 1. 0.]
4595,293.4,39.8,2.3,22,0,2,2,[1. 1. 0. ... 0. 1. 0.]
4601,269.4,12.5,3.8,20,0,2,6,[0. 1. 0. ... 0. 0. 1.]
4609,397.29,76.6,0.0,15,4,6,0,[0. 0. 0. ... 0. 0. 1.]
4614,293.3,63.3,4.2,22,1,4,5,[0. 1. 0. ... 0. 1. 1.]
4616,286.71,61.7,2.2,20,2,3,1,[1. 1. 1. ... 0. 0. 1.]
4631,265.35,50.7,2.1,19,2,4,9,[0. 0. 0. ... 1. 0. 1.]
4634,357.5,49.8,4.2,26,1,4,8,[1. 1. 1. ... 0. 1. 1.]
4649,153.14,83.6,1.3,11,3,4,1,[0. 0. 0. ... 0. 0. 1.]
4673,279.03,167.0,0.0,15,4,8,4,[0. 0. 1. ... 0. 0. 1.]
4679,383.4,106.0,2.4,26,1,9,7,[1. 0. 0. ... 1. 1. 0.]
4680,339.4,49.8,3.9,25,0,5,6,[1. 1. 0. ... 0. 0. 0.]
4695,545.7,132.0,3.6,37,2,7,9,[0. 0. 0. ... 0. 1. 1.]
4735,340.4,118.0,2.6,25,4,4,10,[1. 0. 0. ... 0. 0. 1.]
4737,226.27,75.3,2.1,16,2,3,4,[0. 1. 1. ... 0. 1. 1.]
4740,278.31,75.5,0.3,20,0,4,5,[1. 1. 1. ... 0. 1. 1.]
4746,277.5,12.0,6.8,20,1,1,4,[0. 0. 0. ... 0. 0. 1.]
4747,365.5,75.8,3.5,26,1,5,4,[0. 0. 1. ... 1. 1. 1.]
4748,404.0,55.2,4.2,27,1,5,6,[0. 0. 1. ... 1. 1. 1.]
4756,213.24,89.6,1.9,16,2,5,2,[1. 0. 1. ... 0. 0. 0.]
4763,232.23,75.3,1.5,17,2,3,2,[0. 1. 1. ... 1. 1. 1.]
4768,303.8,12.5,4.4,21,0,2,8,[0. 0. 0. ... 0. 0. 1.]
4771,149.23,26.0,1.9,11,1,1,2,[0. 0. 0. ... 0. 0. 1.]
4775,164.2,37.3,2.4,12,1,2,4,[0. 0. 0. ... 0. 0. 0.]
4810,241.68,71.4,0.6,16,2,4,3,[1. 0. 0. ... 0. 0. 1.]
4828,248.32,57.3,1.8,18,3,3,6,[1. 0. 0. ... 0. 0. 1.]
4829,356.4,93.6,3.8,25,1,5,7,[1. 0. 0. ... 0. 0. 1.]
4845,240.3,85.6,-0.1,17,4,5,5,[1. 0. 0. ... 0. 0. 1.]
4870,439.9,152.0,2.6,25,2,11,4,[1. 0. 1. ... 0. 0. 1.]
4891,312.4,40.6,2.7,23,0,2,1,[0. 1. 0. ... 0. 1. 1.]
4893,383.4,107.0,2.0,28,1,8,4,[1. 1. 0. ... 1. 1. 1.]
4896,440.4,141.0,0.0,30,4,8,4,[1. 0. 0. ... 0. 0. 0.]
4906,220.31,41.1,2.1,16,2,2,5,[0. 0. 0. ... 0. 0. 1.]
4908,259.35,60.2,2.2,19,2,4,6,[1. 0. 0. ... 0. 0. 1.]
4909,218.25,58.2,0.9,16,2,2,2,[0. 0. 1. ... 1. 1. 1.]
4911,285.36,83.1,3.2,19,1,5,7,[0. 0. 1. ... 0. 0. 1.]
4913,235.33,58.4,0.9,17,2,3,6,[0. 1. 0. ... 0. 0. 1.]
4914,236.31,55.6,1.9,17,1,4,7,[0. 0. 0. ... 0. 0. 1.]
4915,221.3,53.2,0.1,16,3,3,5,[0. 1. 0. ... 0. 0. 1.]
4917,373.9,35.0,4.9,25,0,4,4,[0. 0. 1. ... 1. 1. 1.]
4927,284.4,31.8,4.8,20,0,3,3,[0. 0. 0. ... 1. 1. 1.]
4932,341.4,58.6,3.3,25,2,4,11,[0. 0. 0. ... 0. 0. 1.]
4934,368.5,35.5,4.2,27,0,3,7,[1. 0. 0. ... 0. 1. 1.]
4935,294.39,64.8,2.7,21,1,5,10,[0. 0. 0. ... 0. 0. 1.]
4943,178.27,20.2,3.8,13,1,1,2,[0. 0. 0. ... 0. 0. 1.]
4946,259.339,41.5,3.0,19,2,3,6,[0. 0. 0. ... 0. 0. 1.]
4976,263.4,12.0,4.4,20,1,1,4,[0. 1. 0. ... 0. 1. 1.]
4991,181.21,33.4,0.7,13,0,2,2,[1. 0. 0. ... 0. 0. 1.]
4992,285.4,28.6,3.3,21,0,4,7,[1. 0. 0. ... 0. 0. 1.]
4993,248.71,77.8,2.7,17,2,4,2,[1. 1. 0. ... 0. 1. 1.]
4999,386.8,47.7,4.0,25,0,6,2,[1. 0. 1. ... 0. 0. 1.]
5002,383.5,73.6,2.1,27,1,5,6,[1. 1. 0. ... 0. 0. 1.]
5029,359.4,96.3,1.9,25,1,6,8,[1. 0. 0. ... 0. 1. 0.]
5035,473.6,98.2,6.1,34,2,6,7,[1. 1. 0. ... 0. 1. 1.]
5070,234.2,76.4,3.6,15,1,7,1,[1. 0. 0. ... 0. 0. 0.]
5071,179.3,26.0,2.6,13,1,1,1,[0. 0. 1. ... 0. 0. 1.]
5073,410.5,61.9,2.7,30,0,6,4,[1. 0. 1. ... 1. 0. 1.]
5078,269.34,49.7,1.7,20,1,3,5,[1. 0. 0. ... 1. 0. 1.]
5090,314.4,68.8,2.3,22,0,4,3,[0. 0. 0. ... 0. 1. 0.]
5095,260.37,32.299,2.7,19,1,2,7,[0. 0. 0. ... 0. 0. 1.]
5152,415.6,82.0,3.9,30,4,5,16,[0. 0. 0. ... 1. 0. 1.]
5161,258.23,83.8,3.0,19,2,5,4,[0. 0. 0. ... 0. 0. 0.]
5184,303.35,62.3,0.9,22,1,5,5,[1. 1. 1. ... 0. 0. 1.]
5193,238.28,75.3,2.0,17,2,3,5,[0. 1. 1. ... 0. 1. 1.]
5206,200.05,9.2,2.8,12,0,8,2,[0. 0. 0. ... 0. 0. 0.]
5210,279.8,3.2,5.4,19,0,1,5,[0. 0. 0. ... 0. 0. 1.]
5214,360.16,94.9,0.0,18,3,4,1,[1. 0. 1. ... 0. 0. 1.]
5215,250.28,106.0,-0.1,17,2,6,3,[1. 0. 1. ... 0. 0. 1.]
5238,149.894,0.0,0.0,2,0,1,0,[0. 0. 0. ... 0. 0. 0.]
5245,283.11,148.0,-3.1,17,5,8,4,[1. 0. 1. ... 0. 0. 1.]
5248,294.45,72.0,5.8,19,1,4,14,[0. 0. 0. ... 0. 0. 0.]
5253,272.37,86.8,0.2,18,3,5,6,[0. 0. 1. ... 0. 0. 1.]
5291,493.6,86.3,3.5,37,2,7,7,[1. 1. 0. ... 0. 0. 1.]
5311,264.32,78.4,1.9,19,3,3,8,[0. 0. 0. ... 0. 0. 1.]
5314,290.4,52.6,0.6,20,0,4,11,[0. 0. 1. ... 0. 0. 1.]
5318,397.7,43.1,6.1,24,0,2,6,[1. 0. 1. ... 0. 0. 0.]
5320,214.24,97.6,-1.0,14,2,4,2,[0. 0. 1. ... 0. 0. 1.]
5329,253.28,107.0,0.9,17,2,6,3,[1. 0. 1. ... 0. 1. 1.]
5333,172.21,94.6,-0.6,11,2,4,1,[0. 0. 1. ... 0. 0. 1.]
5358,295.4,73.6,0.9,20,2,4,6,[1. 0. 1. ... 0. 0. 1.]
5359,260.31,82.6,3.3,18,1,4,4,[0. 0. 0. ... 1. 0. 0.]
5379,375.4,82.1,-0.7,27,2,8,4,[1. 1. 0. ... 0. 0. 1.]
5381,351.5,64.5,4.9,25,0,4,5,[1. 0. 0. ... 0. 0. 0.]
5391,300.74,52.9,2.2,21,1,3,1,[1. 1. 1. ... 0. 0. 1.]
5394,194.15,106.0,-1.1,14,1,5,1,[1. 0. 1. ... 1. 0. 1.]
5401,387.4,103.0,1.4,28,1,8,4,[1. 0. 0. ... 0. 1. 1.]
5403,225.28,72.7,0.9,16,4,4,4,[0. 0. 0. ... 0. 0. 1.]
5411,264.36,41.6,3.7,19,1,4,9,[0. 0. 0. ... 0. 0. 1.]
5419,200.28,24.4,1.8,15,1,1,1,[0. 0. 0. ... 0. 1. 1.]
5426,258.23,83.6,0.3,19,1,4,1,[1. 1. 0. ... 0. 1. 1.]
5430,201.25,69.8,2.5,14,1,3,1,[1. 0. 0. ... 0. 0. 0.]
5452,370.6,57.1,5.9,25,0,4,4,[0. 0. 1. ... 1. 1. 1.]
5453,189.22,41.1,0.5,11,0,4,3,[0. 0. 0. ... 0. 0. 1.]
5468,260.31,82.6,3.3,18,1,4,4,[0. 0. 0. ... 1. 0. 0.]
5472,263.8,31.5,3.6,17,0,2,2,[0. 0. 0. ... 1. 1. 1.]
5479,247.27,106.0,-0.4,16,0,5,4,[0. 0. 0. ... 0. 0. 0.]
5483,163.2,67.4,-0.1,10,3,4,3,[0. 0. 0. ... 0. 0. 1.]
5487,253.71,90.4,1.1,16,2,4,2,[1. 0. 0. ... 1. 0. 1.]
5503,311.4,86.9,1.5,21,2,4,3,[0. 0. 1. ... 0. 1. 1.]
5505,270.35,83.6,2.3,18,2,3,5,[0. 0. 1. ... 0. 0. 1.]
5508,256.279,62.1,3.4,19,0,3,3,[1. 0. 0. ... 1. 0. 0.]
5524,215.29,36.4,2.0,16,2,1,2,[0. 0. 0. ... 0. 0. 1.]
5526,157.21,63.3,-2.0,11,2,3,2,[0. 0. 0. ... 0. 0. 1.]
5530,133.19,26.0,1.5,10,1,1,1,[0. 0. 0. ... 0. 0. 1.]
5533,371.9,42.4,2.8,26,0,4,5,[1. 0. 1. ... 1. 1. 1.]
5546,253.26,130.0,1.0,19,3,7,1,[1. 1. 0. ... 0. 1. 0.]
5556,343.2,43.1,2.4,23,0,3,1,[1. 0. 1. ... 1. 1. 1.]
5564,289.5,29.5,5.0,17,1,2,2,[0. 0. 0. ... 0. 0. 0.]
5565,146.23,76.1,-2.5,10,4,4,7,[0. 0. 0. ... 0. 0. 1.]
5566,407.5,35.0,5.0,28,0,7,4,[1. 0. 1. ... 1. 1. 1.]
5572,301.5,23.5,4.5,22,1,2,5,[0. 0. 1. ... 0. 1. 1.]
5576,143.14,46.6,0.3,10,0,3,0,[0. 0. 0. ... 0. 0. 1.]
5577,388.5,69.3,2.3,28,1,6,10,[0. 1. 0. ... 0. 0. 1.]
5578,290.32,106.0,0.9,21,2,7,5,[1. 1. 0. ... 0. 0. 0.]
5582,370.4,119.0,2.7,27,4,7,6,[1. 0. 0. ... 0. 0. 1.]
5584,294.4,6.5,5.8,22,0,2,4,[0. 0. 1. ... 0. 1. 1.]
5591,441.5,110.0,5.1,31,2,6,5,[0. 0. 0. ... 1. 0. 1.]
5593,284.35,53.4,1.5,21,1,3,6,[1. 0. 0. ... 1. 0. 1.]
5596,392.5,46.5,4.4,29,1,3,5,[0. 1. 0. ... 0. 1. 1.]
5625,456.6,119.0,2.4,32,3,7,6,[1. 0. 1. ... 0. 0. 1.]
5656,277.4,32.7,2.9,20,1,3,5,[0. 0. 1. ... 0. 1. 1.]
5665,129.16,63.3,-2.2,9,2,3,4,[0. 0. 0. ... 0. 0. 1.]
5717,575.7,124.0,5.5,41,2,6,9,[1. 1. 1. ... 0. 0. 1.]
5719,305.33,74.3,1.0,23,0,4,3,[1. 1. 0. ... 0. 1. 1.]
5732,307.4,37.6,2.5,23,0,2,3,[1. 1. 1. ... 1. 1. 1.]
5734,212.23,94.6,0.2,14,1,5,2,[1. 0. 1. ... 1. 0. 0.]
5735,388.8,91.8,0.5,27,0,7,3,[1. 0. 1. ... 0. 1. 1.]
5743,392.5,94.8,1.9,28,3,6,2,[1. 0. 0. ... 0. 0. 1.]
5746,334.33,147.0,-0.4,24,3,8,4,[1. 1. 1. ... 1. 1. 1.]
5754,362.5,94.8,1.6,26,3,5,2,[1. 0. 0. ... 0. 0. 0.]
5755,360.4,94.8,1.6,26,3,5,2,[1. 0. 0. ... 0. 0. 0.]
5756,288.4,60.7,2.5,21,3,3,0,[1. 0. 0. ... 0. 1. 0.]
5757,272.4,40.5,4.0,20,2,2,0,[0. 0. 0. ... 0. 1. 0.]
5768,746.9,174.0,0.0,53,4,12,8,[1. 0. 0. ... 0. 0. 1.]
5770,608.7,118.0,4.0,44,1,10,10,[1. 1. 1. ... 0. 0. 1.]
5771,1007.2,450.0,-2.6,69,12,15,17,[0. 1. 1. ... 0. 1. 1.]
5775,281.35,47.9,2.6,21,2,3,4,[0. 0. 0. ... 0. 1. 1.]
5780,182.17,121.0,-3.1,12,6,6,5,[1. 0. 0. ... 0. 0. 0.]
5790,246.19,99.1,-1.2,17,3,6,2,[1. 1. 0. ... 1. 1. 1.]
5815,333.29,188.0,0.0,23,8,10,6,[0. 0. 0. ... 0. 0. 1.]
5819,776.87,92.8,2.4,24,3,5,5,[1. 0. 0. ... 0. 0. 1.]
5825,368.5,135.0,0.0,25,4,6,4,[0. 0. 0. ... 0. 0. 1.]
5833,416.6,85.7,2.9,29,0,5,2,[0. 0. 1. ... 0. 0. 0.]
5834,402.5,101.0,2.4,29,2,6,4,[1. 0. 0. ... 0. 0. 0.]
5852,149.21,64.3,-1.8,9,3,4,2,[0. 0. 0. ... 0. 0. 1.]
5865,358.4,91.7,1.5,26,2,5,2,[1. 0. 0. ... 0. 0. 0.]
5870,270.4,37.3,3.1,20,1,2,0,[0. 0. 0. ... 0. 1. 0.]
5877,416.5,101.0,2.7,30,2,6,4,[1. 0. 0. ... 0. 0. 0.]
5878,306.4,46.5,3.7,22,1,3,0,[0. 0. 1. ... 0. 0. 0.]
5904,334.4,112.0,1.8,23,2,5,4,[0. 1. 0. ... 1. 1. 1.]
5905,354.1,99.1,-1.0,17,3,5,2,[1. 0. 1. ... 1. 1. 1.]
5909,244.72,44.1,0.0,16,1,3,3,[1. 0. 1. ... 1. 0. 0.]
5920,650.97,92.8,1.7,23,3,5,5,[1. 0. 0. ... 0. 0. 1.]
5939,101.11,114.0,-1.9,7,4,1,1,[0. 0. 0. ... 0. 0. 1.]
5959,323.13,115.0,1.1,20,3,5,5,[0. 0. 0. ... 0. 0. 1.]
5961,146.14,106.0,-3.1,10,3,4,4,[0. 0. 0. ... 0. 0. 1.]
5978,825.0,171.0,2.8,60,3,12,10,[1. 1. 1. ... 1. 1. 1.]
5983,275.35,44.8,0.7,20,1,4,2,[0. 0. 0. ... 1. 1. 1.]
5994,314.5,34.1,3.9,23,0,2,1,[0. 0. 0. ... 0. 0. 0.]
5995,344.5,43.4,4.4,25,0,3,3,[0. 0. 1. ... 0. 0. 0.]
6005,267.32,43.7,2.3,20,2,3,0,[1. 1. 1. ... 0. 0. 1.]
6010,302.5,37.3,3.4,22,1,2,0,[0. 0. 0. ... 0. 0. 0.]
6013,288.4,37.3,3.3,21,1,2,0,[0. 0. 0. ... 0. 0. 0.]
6018,317.4,38.8,2.9,23,0,4,4,[0. 0. 0. ... 0. 0. 1.]
6032,484.5,283.0,-6.9,33,11,15,6,[1. 0. 0. ... 0. 0. 1.]
6037,441.4,209.0,-1.1,32,6,9,9,[1. 1. 0. ... 0. 0. 1.]
6041,167.2,52.5,-0.3,12,3,3,3,[0. 0. 0. ... 0. 0. 1.]
6049,292.24,156.0,-5.9,20,4,10,11,[0. 0. 0. ... 0. 0. 1.]
6058,77.15,27.0,-0.4,4,2,2,1,[0. 0. 0. ... 0. 0. 1.]
6116,158.17,80.3,0.0,9,0,4,0,[0. 0. 0. ... 0. 0. 0.]
6167,399.4,83.1,1.0,29,1,6,5,[1. 1. 1. ... 0. 0. 1.]
6196,401.4,138.0,2.4,28,2,7,4,[1. 1. 1. ... 0. 1. 1.]
6215,452.5,93.1,2.5,32,2,8,2,[1. 0. 0. ... 0. 1. 1.]
6230,298.4,37.3,3.0,22,1,2,1,[0. 0. 0. ... 0. 0. 0.]
6234,102.09,64.4,-1.5,7,2,3,0,[0. 0. 0. ... 0. 0. 1.]
6238,330.5,54.4,3.2,24,1,3,1,[0. 0. 0. ... 0. 0. 0.]
6249,349.4,138.0,-1.1,24,3,6,4,[0. 1. 0. ... 1. 1. 1.]
6251,182.17,121.0,-3.1,12,6,6,5,[1. 0. 0. ... 0. 0. 0.]
6252,279.68,129.0,0.0,18,5,5,2,[1. 0. 1. ... 1. 1. 1.]
6256,296.2,99.1,-0.5,20,3,8,2,[1. 0. 1. ... 1. 1. 1.]
6279,386.5,60.4,4.1,28,0,4,3,[0. 0. 0. ... 0. 0. 0.]
6322,174.2,128.0,-4.2,12,4,4,5,[0. 0. 0. ... 0. 0. 1.]
6432,188.02,0.0,3.1,11,0,8,0,[0. 0. 0. ... 0. 0. 0.]
6436,434.5,93.1,2.5,31,2,7,2,[1. 0. 0. ... 0. 1. 1.]
6446,336.4,57.5,2.4,24,2,4,0,[1. 0. 0. ... 0. 0. 1.]
6451,698.0,92.2,6.5,31,2,5,2,[0. 1. 1. ... 1. 0. 0.]
6468,243.4,3.2,3.6,18,0,1,2,[0. 0. 0. ... 0. 0. 1.]
6476,203.24,37.4,1.2,15,0,2,1,[0. 1. 1. ... 1. 1. 1.]
6503,121.14,86.7,-2.9,8,4,4,3,[0. 0. 0. ... 0. 0. 1.]
6726,266.4,6.5,3.6,20,0,2,3,[0. 0. 0. ... 0. 0. 1.]
6741,374.5,94.8,1.9,27,3,5,2,[1. 0. 0. ... 0. 0. 0.]
6832,307.4,12.5,4.5,23,0,2,4,[0. 0. 0. ... 0. 0. 1.]
6869,350.4,121.0,2.1,24,2,6,5,[0. 1. 0. ... 0. 1. 1.]
6883,236.14,129.0,1.3,16,0,8,2,[1. 0. 0. ... 0. 0. 0.]
7012,164.2,37.3,2.3,12,1,2,3,[0. 0. 0. ... 0. 0. 0.]
7028,165.23,32.299,0.9,12,2,2,3,[0. 0. 0. ... 0. 0. 1.]
7029,205.3,20.3,2.8,15,0,2,5,[0. 0. 0. ... 1. 0. 1.]
7187,242.23,52.6,3.5,18,0,4,5,[0. 0. 0. ... 0. 0. 0.]
7638,200.23,29.5,3.4,15,1,2,3,[0. 0. 0. ... 0. 0. 0.]
7699,603.7,121.0,2.4,42,1,12,33,[0. 0. 0. ... 0. 0. 1.]
8197,189.3,88.1,-2.9,13,5,5,10,[0. 0. 0. ... 0. 0. 1.]
8223,581.7,118.0,2.0,43,3,6,4,[1. 1. 1. ... 1. 1. 1.]
8226,339.4,68.4,2.3,25,3,3,4,[1. 0. 1. ... 0. 1. 1.]
8230,1084.2,515.0,-4.8,75,14,16,19,[0. 1. 1. ... 0. 1. 1.]
8233,733.9,194.0,2.7,51,5,14,7,[1. 0. 1. ... 0. 0. 1.]
8378,614.6,353.0,-9.0,42,13,19,9,[1. 0. 0. ... 0. 0. 1.]
8549,324.4,45.6,2.9,24,1,4,4,[1. 0. 0. ... 0. 0. 1.]
8612,270.75,55.6,2.9,18,1,4,7,[0. 1. 0. ... 0. 0. 1.]
8982,414.5,121.0,2.9,29,2,6,5,[0. 1. 0. ... 0. 1. 1.]
9003,440.4,59.1,0.0,27,1,5,8,[1. 1. 1. ... 0. 0. 1.]
9034,262.3,66.5,2.3,19,1,3,3,[0. 1. 1. ... 0. 1. 1.]
9294,165.23,32.299,0.9,12,2,2,3,[0. 0. 0. ... 0. 0. 1.]
9400,472.4,141.0,0.1,32,4,9,4,[1. 0. 0. ... 0. 0. 1.]
9403,396.6,46.5,7.1,29,1,3,5,[0. 0. 1. ... 0. 1. 0.]
9416,400.6,43.4,6.3,29,0,3,7,[0. 0. 1. ... 0. 0. 0.]
9433,420.43,191.0,0.0,30,4,8,1,[1. 0. 0. ... 0. 0. 1.]
9444,244.2,141.0,-2.2,17,4,5,2,[1. 0. 1. ... 0. 1. 0.]
9642,494.5,99.1,3.2,35,1,9,4,[1. 0. 0. ... 0. 1. 1.]
9651,287.35,41.9,1.8,21,1,4,1,[1. 0. 1. ... 0. 1. 1.]
9677,428.6,43.4,7.3,31,0,3,10,[0. 0. 1. ... 0. 0. 0.]
9681,353.5,57.5,2.3,26,2,3,4,[1. 1. 1. ... 0. 1. 1.]
9782,392.5,94.8,1.9,28,3,6,2,[1. 0. 0. ... 0. 0. 1.]
9793,376.5,74.6,2.3,27,2,5,2,[1. 0. 0. ... 0. 0. 1.]
9878,376.5,74.6,2.0,27,2,5,1,[1. 0. 0. ... 0. 0. 1.]
9880,416.9,60.4,3.6,29,0,4,3,[0. 0. 0. ... 0. 0. 1.]
9904,274.4,37.3,2.6,20,1,2,0,[0. 0. 0. ... 0. 0. 0.]
10100,339.5,29.5,4.2,25,0,3,9,[0. 1. 1. ... 0. 0. 1.]
10133,392.6,77.8,4.9,28,3,4,4,[0. 0. 0. ... 0. 0. 0.]
10340,105.988,63.2,0.0,6,0,3,0,[0. 0. 0. ... 0. 0. 0.]
10413,104.1,57.5,-0.6,7,2,3,3,[0. 0. 0. ... 0. 0. 0.]
10531,583.7,118.0,2.4,43,3,6,4,[1. 1. 1. ... 1. 1. 1.]
10547,383.23,60.8,0.0,16,0,5,8,[0. 0. 0. ... 0. 0. 1.]
10607,414.4,92.7,2.0,30,1,8,4,[1. 1. 1. ... 1. 1. 1.]
10631,344.5,54.4,3.5,25,1,3,1,[0. 0. 0. ... 0. 0. 0.]
10660,470.0,81.8,0.0,33,1,5,6,[1. 0. 0. ... 0. 1. 1.]
10836,149.23,12.0,2.1,11,1,1,3,[0. 0. 0. ... 0. 0. 1.]
10917,161.2,60.4,-0.2,11,1,3,3,[0. 0. 0. ... 0. 0. 1.]
11125,73.9,63.2,0.0,6,0,3,0,[0. 0. 0. ... 0. 0. 0.]
11333,342.3,190.0,-4.3,23,8,11,5,[1. 0. 0. ... 0. 0. 0.]
11683,384.5,60.4,3.1,28,0,4,3,[0. 0. 0. ... 0. 0. 1.]
11973,596.3,201.0,0.0,32,6,8,10,[1. 0. 0. ... 0. 0. 1.]
12035,163.2,67.4,0.4,10,3,4,3,[0. 0. 0. ... 0. 0. 1.]
12460,191.27,12.5,1.9,14,0,2,1,[0. 0. 0. ... 0. 0. 1.]
12536,416.5,93.1,2.7,30,2,6,2,[1. 0. 0. ... 0. 1. 0.]
12555,309.4,30.3,3.9,23,0,3,7,[1. 1. 1. ... 1. 0. 1.]
12559,1018.4,231.0,0.0,71,6,16,23,[1. 0. 1. ... 0. 0. 1.]
12560,733.9,194.0,2.7,51,5,14,7,[1. 0. 1. ... 0. 0. 1.]
12597,146.14,58.9,-1.4,10,2,4,0,[1. 0. 0. ... 0. 0. 0.]
12620,326.6,20.2,10.5,23,1,1,20,[0. 0. 0. ... 0. 0. 0.]
13109,312.4,37.3,3.3,23,1,2,2,[0. 0. 0. ... 0. 0. 0.]
13314,335.2,52.9,2.4,22,1,3,1,[1. 1. 1. ... 0. 0. 1.]
13342,811.0,154.0,3.7,59,3,12,10,[1. 1. 1. ... 1. 1. 1.]
13769,300.4,43.4,3.0,22,0,3,0,[0. 0. 1. ... 0. 0. 0.]
13791,356.5,46.5,6.0,26,1,3,5,[0. 0. 1. ... 0. 1. 0.]
14051,277.23,64.5,0.0,16,6,4,9,[0. 0. 0. ... 0. 1. 1.]
14789,233.55,74.6,0.0,7,2,4,0,[0. 0. 0. ... 0. 0. 0.]
14888,197.841,3.0,0.0,5,0,3,0,[0. 0. 0. ... 0. 0. 0.]
14917,20.006,0.0,0.6,1,1,1,0,[0. 0. 0. ... 0. 0. 0.]
14969,1449.2,531.0,-2.6,101,19,26,13,[1. 1. 1. ... 1. 1. 1.]
14970,1485.7,531.0,0.0,102,20,26,13,[1. 1. 1. ... 1. 1. 1.]
15209,436.5,93.1,1.4,31,2,7,2,[1. 0. 0. ... 0. 1. 0.]
15232,909.1,248.0,0.0,64,6,12,15,[0. 1. 0. ... 1. 1. 1.]
15459,221.25,47.6,2.2,16,1,3,3,[0. 0. 0. ... 0. 0. 1.]
15541,332.35,130.0,-3.1,23,5,9,2,[1. 0. 1. ... 1. 0. 1.]
16078,314.5,29.5,7.0,23,1,2,4,[0. 0. 0. ... 0. 1. 1.]
16124,176.0,115.0,-3.3,9,4,6,2,[0. 0. 0. ... 0. 0. 1.]
16230,266.09,159.0,0.0,16,5,5,1,[1. 0. 0. ... 0. 1. 1.]
16362,461.5,35.6,6.3,34,1,4,7,[1. 0. 0. ... 0. 1. 1.]
16533,476.6,101.0,3.6,34,2,7,7,[1. 0. 1. ... 0. 0. 1.]
16850,332.3,76.0,3.4,25,2,5,0,[1. 1. 0. ... 0. 0. 0.]
16886,228.21,121.0,-1.2,16,3,4,2,[1. 0. 0. ... 0. 1. 0.]
16923,474.5,138.0,2.2,34,3,8,7,[1. 0. 1. ... 0. 0. 0.]
17358,146.06,1.0,4.2,7,0,6,0,[0. 0. 0. ... 0. 0. 0.]
18283,224.21,78.9,-0.8,16,2,4,2,[1. 0. 0. ... 0. 0. 1.]
18342,455.0,72.8,3.6,31,1,6,2,[1. 1. 0. ... 0. 1. 1.]
18381,470.3,138.0,2.9,30,2,7,4,[1. 1. 1. ... 0. 1. 1.]
19090,342.5,54.4,2.6,25,1,3,1,[0. 0. 0. ... 0. 0. 1.]
20279,285.69,119.0,0.8,19,3,7,2,[1. 0. 0. ... 1. 1. 1.]
20469,408.9,94.8,2.2,28,3,5,2,[1. 0. 0. ... 0. 0. 0.]
20585,284.34,89.5,0.0,20,2,4,2,[1. 0. 0. ... 0. 0. 1.]
20824,378.4,149.0,1.1,26,3,7,5,[0. 1. 0. ... 1. 1. 1.]
21319,453.9,138.0,2.6,30,2,8,4,[1. 1. 1. ... 0. 1. 1.]
21700,521.0,107.0,3.0,36,1,7,8,[1. 0. 1. ... 0. 0. 0.]
21800,504.6,107.0,3.6,36,1,8,8,[1. 0. 1. ... 0. 0. 1.]
21844,312.4,37.3,2.4,23,1,2,1,[0. 0. 0. ... 0. 0. 0.]
21945,319.36,79.4,0.0,23,2,7,3,[0. 1. 0. ... 0. 1. 1.]
22318,390.08,81.3,0.0,12,0,5,1,[0. 0. 0. ... 0. 0. 0.]
22502,588.7,169.0,0.0,41,4,10,11,[0. 1. 0. ... 1. 1. 1.]
23568,414.5,121.0,2.9,29,2,6,5,[0. 1. 0. ... 0. 1. 1.]
23897,276.37,45.3,1.7,20,1,3,3,[1. 0. 0. ... 0. 0. 1.]
23925,55.84,0.0,0.0,1,0,0,0,[0. 0. 0. ... 0. 0. 0.]
23926,138.905,0.0,0.0,1,0,0,0,[0. 0. 0. ... 0. 0. 0.]
23951,150.4,0.0,0.0,1,0,0,0,[0. 0. 0. ... 0. 0. 0.]
23954,107.868,0.0,0.0,1,0,0,0,[0. 0. 0. ... 0. 0. 0.]
23957,96.906,0.0,0.0,1,0,0,0,[0. 0. 0. ... 0. 0. 0.]
23976,51.996,0.0,0.0,1,0,0,0,[0. 0. 0. ... 0. 0. 0.]
23978,63.55,0.0,0.0,1,0,0,0,[0. 0. 0. ... 0. 0. 0.]
23982,157.2,0.0,0.0,1,0,0,0,[0. 0. 0. ... 0. 0. 0.]
23993,88.905,0.0,0.0,1,0,0,0,[0. 0. 0. ... 0. 0. 0.]
23994,65.4,0.0,0.0,1,0,0,0,[0. 0. 0. ... 0. 0. 0.]
24066,211.22,88.2,-1.3,15,2,3,2,[1. 0. 0. ... 1. 1. 1.]
24087,143.1,64.2,0.0,3,0,2,0,[0. 0. 0. ... 0. 0. 0.]
24414,233.39,88.6,0.0,6,0,4,0,[0. 0. 0. ... 0. 0. 0.]
24424,161.4,88.6,0.0,6,0,4,0,[0. 0. 0. ... 0. 0. 0.]
24450,174.176,83.4,0.0,7,1,4,0,[0. 0. 0. ... 0. 0. 0.]
24642,239.83,0.0,0.0,2,0,0,0,[0. 0. 0. ... 0. 0. 0.]
24706,608.8,77.8,0.0,45,3,4,3,[0. 0. 0. ... 0. 1. 0.]
24841,127.912,0.0,0.9,1,1,0,0,[0. 0. 0. ... 0. 0. 0.]
25419,244.89,115.0,-2.1,11,4,6,2,[0. 1. 0. ... 0. 0. 1.]
25959,211.95,143.0,0.0,13,0,12,0,[0. 0. 0. ... 0. 0. 0.]
26069,364.5,144.0,0.0,25,2,4,2,[0. 0. 0. ... 0. 0. 1.]
26133,432.5,101.0,3.2,31,2,6,6,[1. 0. 1. ... 0. 0. 0.]
26757,187.28,3.2,2.8,14,0,1,4,[0. 0. 0. ... 0. 0. 1.]
26934,151.21,46.2,0.8,11,2,2,2,[0. 0. 0. ... 0. 0. 1.]
26986,460.0,87.1,0.0,32,2,6,8,[0. 0. 0. ... 0. 1. 1.]
27304,192.0,135.0,-3.9,10,5,7,2,[0. 0. 0. ... 0. 0. 1.]
27350,732.7,52.6,0.0,43,0,6,6,[0. 0. 0. ... 0. 0. 1.]
27400,295.4,31.5,3.8,21,0,2,0,[0. 1. 0. ... 0. 0. 1.]
27447,347.4,138.0,0.6,24,3,6,4,[0. 1. 0. ... 1. 0. 1.]
27661,191.14,93.7,-0.4,13,1,6,1,[1. 0. 0. ... 0. 0. 0.]
27991,1069.2,489.0,-4.0,74,13,15,19,[0. 1. 1. ... 0. 1. 1.]
28332,547.7,92.3,0.0,39,1,6,10,[0. 1. 1. ... 0. 0. 1.]
28417,337.5,46.3,3.8,25,1,3,1,[1. 1. 0. ... 0. 1. 0.]
28486,7.0,0.0,0.0,1,0,0,0,[0. 0. 0. ... 0. 0. 0.]
28864,338.4,51.4,2.7,25,2,2,3,[1. 1. 1. ... 0. 1. 1.]
29029,425.0,128.0,2.2,27,4,7,7,[1. 1. 0. ... 0. 1. 1.]
29089,897.8,455.0,0.0,60,18,16,23,[1. 0. 0. ... 0. 0. 1.]
29327,265.22,152.0,-1.4,18,5,8,2,[1. 0. 0. ... 0. 1. 1.]
30323,527.5,186.0,1.8,38,5,11,4,[1. 1. 0. ... 1. 1. 1.]
30751,365.21,186.0,-3.1,24,5,12,4,[1. 0. 1. ... 1. 1. 0.]
31072,186.23,64.9,0.7,12,0,3,2,[0. 0. 0. ... 0. 0. 0.]
31100,750.7,181.0,0.0,48,4,9,5,[1. 1. 1. ... 1. 1. 1.]
31264,132.16,27.7,0.7,9,0,3,0,[0. 0. 0. ... 0. 0. 0.]
31307,394.4,115.0,1.2,28,4,7,2,[1. 0. 0. ... 0. 0. 1.]
31378,380.4,94.8,1.7,27,3,6,2,[1. 0. 0. ... 0. 0. 1.]
31401,392.6,77.8,4.9,28,3,4,4,[0. 0. 0. ... 0. 0. 0.]
31477,309.4,67.8,2.7,22,2,5,8,[0. 0. 0. ... 0. 0. 1.]
31703,543.5,206.0,1.3,39,6,12,5,[1. 1. 0. ... 1. 1. 1.]
32169,320.84,95.7,0.0,20,3,5,7,[0. 0. 0. ... 0. 1. 1.]
32603,505.0,174.0,-1.2,31,5,10,9,[1. 1. 1. ... 0. 1. 1.]
32798,467.0,80.7,3.8,32,1,6,5,[1. 0. 1. ... 0. 0. 1.]
32874,580.0,206.0,0.0,40,7,12,5,[1. 1. 0. ... 1. 1. 1.]
33036,274.79,16.1,3.4,19,0,2,5,[1. 0. 0. ... 0. 1. 1.]
33255,454.5,235.0,-0.4,29,2,12,7,[0. 1. 0. ... 1. 0. 1.]
33613,365.4,158.0,-2.0,25,4,7,4,[0. 1. 0. ... 1. 1. 1.]
33624,316.42,108.0,1.8,21,2,8,7,[0. 1. 0. ... 0. 0. 1.]
33741,263.37,32.7,2.6,19,1,3,4,[0. 0. 1. ... 0. 1. 1.]
34312,252.27,63.4,1.7,19,1,2,0,[0. 0. 0. ... 1. 1. 1.]
34359,226.23,116.0,-2.2,16,5,6,4,[0. 0. 0. ... 0. 0. 1.]
35370,267.24,93.2,0.0,19,2,6,3,[1. 0. 0. ... 1. 1. 1.]
36294,467.5,268.0,-6.2,32,10,14,6,[1. 0. 0. ... 0. 0. 1.]
36339,244.29,44.1,3.0,18,0,3,5,[1. 1. 0. ... 1. 1. 0.]
36462,588.6,161.0,0.6,42,3,13,5,[1. 1. 1. ... 1. 1. 1.]
36523,1182.3,475.0,-2.4,85,16,15,31,[1. 1. 0. ... 1. 1. 1.]
36811,301.4,72.7,3.4,22,4,4,7,[0. 0. 0. ... 0. 0. 1.]
37392,536.9,23.5,0.0,34,2,5,10,[1. 0. 0. ... 0. 0. 1.]
37464,291.4,41.5,4.2,21,2,3,7,[0. 0. 0. ... 0. 0. 1.]
37542,244.2,144.0,-1.8,17,4,7,3,[1. 0. 1. ... 1. 1. 1.]
37720,602.5,356.0,-5.6,35,6,21,10,[0. 0. 0. ... 0. 1. 0.]
37768,585.6,332.0,-7.9,40,13,17,10,[1. 0. 1. ... 0. 0. 1.]
38852,476.5,211.0,0.0,33,11,13,6,[0. 0. 0. ... 0. 0. 1.]
38904,373.27,76.6,0.0,13,4,6,0,[0. 0. 0. ... 0. 0. 0.]
39042,361.8,75.6,3.8,25,2,4,7,[0. 1. 0. ... 0. 0. 1.]
39147,309.4,82.0,0.7,22,4,5,6,[0. 0. 0. ... 1. 0. 1.]
39186,414.5,84.4,3.1,29,0,6,7,[0. 0. 1. ... 1. 1. 1.]
39468,291.4,58.6,2.4,21,2,4,6,[1. 0. 0. ... 0. 0. 1.]
39507,370.5,54.4,3.5,27,1,3,2,[0. 0. 0. ... 0. 0. 0.]
39764,637.7,55.8,0.0,41,0,6,6,[0. 0. 0. ... 0. 0. 1.]
39860,372.5,46.5,6.4,27,1,3,6,[0. 0. 0. ... 0. 1. 1.]
40291,564.3,102.0,0.0,35,0,6,7,[0. 0. 0. ... 0. 1. 1.]
40326,391.3,35.5,6.5,26,0,3,7,[0. 0. 1. ... 0. 0. 0.]
40632,185.22,20.3,1.9,14,0,1,1,[1. 0. 1. ... 0. 1. 1.]
40692,378.31,45.2,3.6,26,2,9,2,[1. 0. 0. ... 0. 0. 1.]
40703,591.4,36.9,0.0,33,0,5,10,[0. 0. 0. ... 0. 0. 1.]
40973,310.5,20.2,4.9,23,1,1,2,[0. 0. 0. ... 0. 0. 1.]
40976,324.5,37.3,3.3,24,1,2,2,[0. 0. 0. ... 0. 0. 1.]
41684,307.28,142.0,2.0,21,1,7,4,[0. 1. 0. ... 1. 0. 1.]
41693,386.6,61.0,4.0,27,0,4,8,[0. 0. 1. ... 0. 1. 1.]
41744,723.6,215.0,4.0,51,5,16,11,[1. 1. 1. ... 1. 1. 1.]
41774,645.6,321.0,-8.5,44,14,19,9,[1. 0. 1. ... 0. 0. 1.]
41781,348.4,109.0,2.7,24,3,5,5,[1. 0. 1. ... 1. 0. 1.]
41867,543.5,206.0,1.3,39,6,12,5,[1. 1. 0. ... 1. 1. 1.]
42113,168.04,9.2,2.6,10,0,7,2,[0. 0. 0. ... 0. 0. 0.]
42395,446.6,101.0,3.8,32,2,6,7,[1. 0. 1. ... 0. 0. 0.]
42593,534.0,177.0,0.0,37,6,10,3,[1. 1. 0. ... 1. 1. 1.]
42890,497.5,177.0,1.9,36,5,10,3,[1. 1. 0. ... 1. 1. 1.]
43232,332.5,46.5,2.6,24,1,3,6,[0. 1. 1. ... 0. 0. 1.]
43672,517.6,182.0,0.5,36,3,8,6,[0. 1. 0. ... 1. 1. 1.]
43815,329.4,39.7,3.5,24,1,5,4,[0. 0. 0. ... 0. 1. 1.]
44093,217.29,58.6,0.3,14,2,4,3,[0. 0. 0. ... 0. 0. 1.]
44563,432.77,243.0,0.0,29,8,11,7,[0. 0. 0. ... 0. 0. 1.]
44564,311.63,157.0,0.5,21,4,7,4,[0. 0. 0. ... 0. 0. 1.]
45469,307.9,137.0,0.0,17,0,12,0,[0. 0. 0. ... 0. 0. 0.]
47319,929.1,126.0,7.9,67,0,12,26,[0. 0. 1. ... 0. 0. 1.]
47320,1243.5,258.0,0.0,87,0,18,26,[0. 0. 1. ... 0. 0. 1.]
47471,474.8,109.0,0.0,29,1,5,7,[0. 0. 0. ... 0. 0. 0.]
47528,211.17,97.0,0.8,15,1,5,4,[1. 1. 0. ... 0. 0. 1.]
47641,287.4,3.2,5.1,22,0,1,5,[0. 0. 0. ... 0. 0. 1.]
47725,1269.4,496.0,-1.5,91,17,16,32,[1. 1. 0. ... 1. 1. 1.]
47811,314.5,44.3,4.2,22,1,2,4,[1. 0. 0. ... 1. 0. 1.]
47964,381.4,159.0,0.0,26,5,8,4,[0. 1. 0. ... 1. 0. 1.]
50224,1299.5,478.0,0.0,93,16,17,33,[1. 1. 0. ... 1. 1. 1.]
50294,371.3,121.0,2.2,27,2,8,5,[1. 1. 0. ... 1. 1. 1.]
51038,385.8,139.0,0.0,25,4,7,4,[0. 1. 0. ... 1. 0. 1.]
51263,416.5,81.0,2.2,30,0,6,9,[0. 0. 1. ... 0. 1. 1.]
51634,219.28,84.2,-0.6,15,4,5,4,[1. 0. 0. ... 0. 0. 1.]
52421,488.6,116.0,4.2,35,1,8,9,[1. 0. 1. ... 0. 0. 0.]
53024,619.6,327.0,0.0,38,2,15,7,[0. 1. 1. ... 0. 0. 1.]
53232,404.5,72.8,4.3,29,1,5,7,[1. 0. 1. ... 0. 0. 1.]
54158,387.23,107.0,-0.1,23,3,6,7,[0. 0. 0. ... 0. 0. 1.]
54259,354.0,12.5,0.0,24,1,2,6,[0. 0. 0. ... 0. 0. 1.]
54331,259.19,161.0,0.0,16,5,7,4,[0. 0. 0. ... 0. 0. 1.]
54373,1139.3,457.0,0.0,79,15,18,17,[1. 1. 0. ... 0. 1. 1.]
54384,457.0,64.3,0.0,32,2,5,4,[0. 0. 0. ... 0. 1. 1.]
54454,418.6,72.8,4.7,30,1,5,7,[1. 0. 1. ... 0. 0. 1.]
54687,424.5,124.0,1.6,30,4,7,11,[1. 0. 1. ... 0. 0. 1.]
54746,451.6,71.7,3.4,33,2,4,8,[1. 1. 1. ... 1. 1. 1.]
54786,390.5,87.0,4.5,28,3,5,10,[0. 0. 0. ... 0. 0. 1.]
54840,291.8,21.3,0.0,20,2,2,6,[0. 0. 0. ... 0. 0. 1.]
54891,475.0,95.9,0.0,33,3,6,10,[1. 1. 1. ... 1. 1. 1.]
54949,563.6,253.0,0.0,40,8,15,11,[1. 0. 0. ... 0. 0. 1.]
55188,521.4,93.8,3.9,35,1,6,5,[1. 1. 0. ... 1. 1. 0.]
55245,429.6,40.5,3.8,32,1,3,3,[0. 0. 0. ... 0. 0. 1.]
55283,705.6,101.0,5.7,49,0,9,11,[1. 1. 1. ... 1. 1. 1.]
55331,470.5,125.0,0.5,34,3,8,10,[1. 1. 0. ... 1. 1. 1.]
55466,938.0,431.0,0.0,54,14,25,25,[1. 0. 0. ... 0. 0. 1.]
55480,282.81,48.0,0.0,19,1,2,5,[0. 1. 0. ... 1. 0. 1.]
55891,563.7,110.0,6.2,39,1,7,15,[1. 0. 1. ... 1. 1. 1.]
56329,435.5,100.0,0.0,31,3,8,9,[0. 1. 1. ... 0. 1. 1.]
56338,406.24,122.0,0.0,27,1,6,4,[0. 0. 1. ... 0. 1. 1.]
56959,427.5,74.3,2.7,31,2,6,9,[0. 0. 0. ... 0. 1. 1.]
57166,1179.4,314.0,5.2,87,10,15,18,[1. 0. 1. ... 1. 1. 0.]
57363,372.5,58.2,3.0,27,2,2,2,[0. 0. 1. ... 0. 0. 1.]
57469,240.3,56.7,2.6,18,1,3,2,[1. 0. 0. ... 0. 0. 0.]
57697,228.21,87.1,-0.3,17,1,5,1,[1. 0. 0. ... 1. 0. 1.]
59226,351.9,52.9,0.0,23,2,3,6,[0. 0. 0. ... 0. 0. 1.]
59768,295.37,67.8,1.9,21,2,5,10,[0. 0. 1. ... 0. 0. 1.]
60026,317.4,66.4,3.2,23,2,3,6,[0. 0. 0. ... 0. 0. 1.]
60164,412.5,46.5,7.7,31,1,3,4,[1. 1. 0. ... 0. 1. 1.]
60172,273.19,136.0,-2.0,18,3,8,5,[1. 0. 0. ... 0. 0. 0.]
60184,368.5,95.9,0.9,26,2,6,9,[0. 1. 1. ... 0. 1. 1.]
60198,296.4,34.1,3.1,22,0,2,0,[0. 0. 0. ... 0. 0. 1.]
60464,392.4,98.9,0.1,28,3,9,3,[1. 1. 1. ... 1. 0. 1.]
60490,236.29,94.8,1.6,16,2,3,2,[1. 0. 0. ... 0. 0. 1.]
60496,567.1,163.0,0.0,38,3,10,11,[0. 0. 1. ... 1. 1. 1.]
60606,321.8,57.8,3.8,21,0,4,4,[0. 1. 0. ... 1. 1. 1.]
60612,200.28,28.7,3.1,15,1,1,2,[1. 1. 0. ... 1. 1. 0.]
60613,279.19,146.0,-3.6,18,4,6,6,[1. 0. 0. ... 0. 1. 1.]
60648,375.6,97.0,2.7,25,1,5,6,[0. 1. 0. ... 0. 0. 1.]
60656,343.9,50.7,0.0,23,3,4,11,[0. 0. 0. ... 0. 0. 1.]
60668,668.5,207.0,-0.7,46,4,16,7,[1. 1. 1. ... 1. 1. 1.]
60699,457.9,103.0,0.0,32,3,7,3,[1. 1. 1. ... 1. 0. 1.]
60706,437.5,139.0,0.0,29,6,10,5,[0. 1. 0. ... 0. 1. 1.]
60714,558.7,154.0,0.0,29,1,11,5,[0. 0. 0. ... 0. 1. 1.]
60726,334.16,80.4,3.3,20,2,4,4,[0. 0. 0. ... 0. 0. 0.]
60749,299.66,108.0,0.0,19,4,6,2,[1. 0. 0. ... 1. 1. 1.]
60751,680.7,138.0,8.8,52,6,6,4,[1. 1. 0. ... 1. 0. 0.]
60752,885.2,231.0,0.0,60,6,14,30,[0. 0. 1. ... 0. 0. 1.]
60754,591.7,189.0,0.0,31,3,12,13,[0. 0. 0. ... 0. 0. 1.]
60774,325.5,23.5,5.6,24,1,2,7,[1. 0. 0. ... 1. 1. 1.]
60779,1079.1,364.0,0.0,77,10,23,16,[1. 1. 1. ... 1. 1. 1.]
60795,448.4,44.8,4.6,30,1,4,7,[0. 0. 0. ... 0. 1. 1.]
60814,412.9,76.2,0.0,28,1,6,9,[0. 0. 1. ... 0. 1. 1.]
60822,1155.3,229.0,0.0,83,6,12,22,[1. 1. 0. ... 0. 1. 1.]
60825,229.26,113.0,-0.9,15,2,4,2,[1. 0. 0. ... 0. 0. 1.]
60830,472.4,116.0,0.0,27,1,7,5,[1. 1. 0. ... 0. 1. 1.]
60834,333.9,49.5,0.0,22,2,3,6,[0. 0. 0. ... 0. 0. 1.]
60837,677.2,116.0,0.0,47,5,11,5,[1. 1. 1. ... 1. 1. 1.]
60846,435.5,112.0,4.4,32,2,6,10,[0. 1. 0. ... 0. 0. 1.]
60852,319.23,139.0,-4.1,19,5,8,9,[0. 0. 1. ... 0. 0. 1.]
60853,467.4,77.7,0.0,30,3,6,4,[1. 0. 0. ... 0. 0. 1.]
60855,332.31,201.0,-3.2,23,7,8,6,[1. 1. 1. ... 0. 0. 1.]
60857,287.36,57.4,2.2,21,2,3,5,[1. 0. 0. ... 0. 0. 1.]
60860,275.09,64.4,1.0,12,2,1,2,[0. 0. 0. ... 0. 0. 1.]
60871,501.5,167.0,1.8,34,1,12,15,[1. 0. 1. ... 0. 0. 0.]
60877,247.25,113.0,-0.6,16,2,5,2,[1. 1. 0. ... 0. 0. 1.]
60934,766.9,230.0,0.0,54,6,10,13,[1. 1. 1. ... 1. 1. 1.]
60936,362.57,146.0,0.0,19,2,7,4,[0. 0. 0. ... 0. 0. 1.]
60946,495.1,114.0,0.0,32,5,8,14,[0. 0. 1. ... 0. 0. 1.]
60953,359.35,121.0,0.6,25,3,7,7,[1. 1. 1. ... 1. 1. 1.]
60961,267.24,140.0,-1.1,19,4,8,2,[1. 0. 1. ... 1. 1. 0.]
61475,248.19,109.0,0.0,12,5,9,0,[0. 0. 0. ... 0. 0. 0.]
61799,130.1,63.6,0.4,9,1,4,3,[0. 0. 0. ... 0. 0. 0.]
62305,520.6,193.0,0.0,34,2,9,2,[1. 1. 1. ... 1. 1. 1.]
62358,107.11,61.4,0.0,7,2,3,0,[0. 0. 0. ... 0. 0. 0.]
62816,281.83,101.0,0.0,18,5,6,11,[0. 0. 0. ... 0. 0. 1.]
62819,980.2,427.0,-1.5,67,12,15,15,[0. 1. 1. ... 0. 1. 1.]
62886,1243.5,258.0,0.0,87,0,18,26,[0. 0. 1. ... 0. 0. 1.]
62956,435.5,94.9,3.8,30,2,5,9,[1. 0. 0. ... 1. 0. 1.]
62959,416.4,99.8,0.3,30,2,10,3,[1. 1. 1. ... 0. 1. 1.]
62965,465.0,101.0,2.0,32,2,6,5,[1. 0. 1. ... 0. 0. 0.]
63009,342.7,12.0,0.0,21,2,1,2,[0. 1. 0. ... 0. 1. 1.]
64139,315.67,38.3,4.0,21,1,5,1,[1. 1. 0. ... 0. 1. 1.]
64142,663.9,190.0,0.0,45,5,9,10,[1. 1. 1. ... 0. 1. 1.]
64710,443.0,148.0,0.0,28,6,8,7,[1. 1. 0. ... 0. 1. 1.]
64730,372.28,250.0,0.0,25,9,13,10,[1. 0. 0. ... 0. 0. 0.]
64778,383.5,136.0,-1.9,26,3,7,5,[1. 1. 0. ... 0. 1. 1.]
64780,807.9,224.0,1.6,58,5,14,13,[1. 1. 1. ... 0. 0. 1.]
64929,318.7,63.6,3.9,22,1,4,5,[0. 0. 0. ... 0. 0. 0.]
65014,794.5,78.7,0.0,44,14,8,4,[0. 0. 1. ... 0. 1. 1.]
65016,505.6,140.0,2.9,35,3,8,12,[0. 0. 1. ... 0. 1. 1.]
65028,312.4,90.6,1.1,22,2,5,8,[0. 1. 1. ... 0. 1. 1.]
65139,404.4,177.0,0.0,29,5,10,7,[1. 0. 0. ... 0. 0. 1.]
65157,456.7,43.4,8.5,33,0,3,11,[0. 0. 1. ... 0. 0. 0.]
65281,1422.7,556.0,-4.1,100,17,21,31,[1. 1. 1. ... 1. 1. 1.]
65370,563.6,337.0,0.0,39,11,16,13,[0. 0. 0. ... 0. 0. 1.]
65492,777.1,188.0,-2.4,31,8,8,10,[0. 1. 0. ... 0. 1. 1.]
65628,358.3,58.4,2.9,23,1,4,9,[1. 0. 1. ... 0. 0. 1.]
65840,174.63,41.2,0.0,11,1,2,1,[0. 0. 0. ... 0. 0. 0.]
65856,313.4,39.7,3.0,23,1,4,6,[0. 0. 0. ... 0. 0. 1.]
65863,437.8,55.3,6.3,27,0,3,6,[1. 0. 0. ... 0. 0. 0.]
65866,611.7,114.0,6.9,45,1,8,13,[0. 0. 1. ... 1. 1. 1.]
65981,452.6,78.9,5.2,33,2,5,10,[0. 0. 0. ... 1. 0. 1.]
65999,514.6,72.9,6.9,39,1,4,7,[1. 1. 1. ... 1. 0. 0.]
66370,198.17,111.0,0.0,13,6,7,1,[1. 0. 0. ... 0. 0. 0.]
68613,994.2,416.0,-1.9,68,11,15,18,[0. 1. 1. ... 0. 1. 1.]
68740,272.09,153.0,-4.3,16,5,8,4,[0. 0. 1. ... 0. 1. 1.]
68844,383.5,164.0,-0.3,23,2,9,7,[0. 1. 1. ... 0. 1. 1.]
69512,366.7,100.0,0.0,25,4,7,3,[1. 1. 0. ... 1. 0. 0.]
71158,181.21,91.8,-1.2,11,2,4,4,[0. 0. 0. ... 0. 0. 1.]
71301,405.4,71.0,3.0,29,3,7,6,[0. 0. 0. ... 0. 0. 1.]
71329,441.6,122.0,1.8,29,2,8,11,[0. 0. 1. ... 0. 0. 1.]
71348,1156.4,443.0,0.0,81,14,16,17,[1. 1. 0. ... 0. 1. 1.]
71360,426.5,64.8,4.1,31,0,7,8,[1. 0. 0. ... 1. 0. 1.]
71384,268.27,98.8,-1.4,19,2,6,3,[0. 1. 0. ... 0. 1. 1.]
71386,479.0,77.5,3.8,33,0,6,6,[1. 0. 1. ... 0. 0. 1.]
71406,574.8,82.1,9.9,41,1,6,20,[0. 0. 1. ... 1. 0. 1.]
71414,494.5,107.0,3.0,35,1,9,6,[1. 0. 0. ... 0. 0. 1.]
71415,410.5,94.8,1.9,29,3,7,2,[1. 0. 0. ... 0. 0. 1.]
71469,1092.2,412.0,0.0,75,14,26,15,[1. 0. 1. ... 0. 0. 1.]
71616,349.31,76.7,1.5,25,1,8,5,[1. 0. 0. ... 1. 1. 1.]
72022,340.4,107.0,0.2,24,3,6,7,[0. 1. 0. ... 0. 1. 1.]
72081,1227.4,563.0,-5.8,85,16,19,25,[0. 1. 1. ... 0. 1. 1.]
72165,284.35,45.3,3.8,21,1,3,3,[1. 1. 0. ... 0. 0. 1.]
72170,236.42,0.0,0.0,2,0,1,0,[0. 0. 0. ... 0. 0. 0.]
72286,444.5,116.0,0.0,31,2,8,7,[0. 0. 1. ... 1. 1. 1.]
72466,1512.6,770.0,0.0,101,21,35,36,[1. 1. 1. ... 1. 1. 1.]
73303,420.5,196.0,-3.4,27,5,10,7,[0. 1. 1. ... 0. 0. 1.]
73491,182.02,75.7,0.0,10,0,4,0,[0. 0. 0. ... 0. 0. 0.]
74989,366.8,54.4,5.2,26,1,3,2,[1. 0. 0. ... 0. 0. 1.]
77990,400.4,148.0,0.0,28,4,9,8,[0. 0. 0. ... 0. 0. 1.]
77992,243.3,70.9,1.2,18,3,2,2,[1. 1. 0. ... 1. 0. 1.]
77993,382.5,61.6,4.1,27,1,3,6,[1. 0. 0. ... 0. 0. 1.]
77997,391.5,87.0,0.0,29,2,5,6,[1. 0. 0. ... 1. 0. 1.]
77998,473.5,171.0,0.0,33,3,10,9,[1. 0. 0. ... 0. 0. 1.]
78032,444.6,106.0,0.0,31,2,7,7,[0. 0. 1. ... 1. 1. 1.]
82146,348.5,37.3,7.6,26,1,2,3,[0. 1. 0. ... 0. 0. 0.]
82148,243.3,38.3,2.7,18,1,2,4,[0. 0. 0. ... 0. 0. 1.]
82153,434.5,93.1,2.5,31,2,7,2,[1. 0. 0. ... 0. 1. 0.]
83030,339.4,118.0,0.0,15,2,7,8,[0. 0. 1. ... 0. 0. 0.]
83898,199.32,37.8,1.5,13,0,3,0,[0. 0. 0. ... 0. 0. 1.]
84003,376.4,146.0,0.0,27,5,7,6,[1. 0. 0. ... 1. 1. 1.]
84029,748.0,183.0,3.2,52,4,14,8,[1. 0. 1. ... 0. 0. 1.]
89594,162.23,16.1,1.2,12,0,2,1,[1. 0. 0. ... 0. 0. 1.]
91429,397.3,45.6,0.0,26,3,4,4,[1. 0. 0. ... 0. 0. 1.]
91488,412.4,115.0,1.1,29,4,8,2,[1. 0. 0. ... 0. 0. 1.]
92253,288.4,32.299,3.4,21,1,2,5,[0. 0. 0. ... 0. 0. 1.]
92721,526.7,190.0,0.0,36,6,9,9,[0. 1. 1. ... 0. 0. 1.]
92974,213.19,124.0,-3.2,15,5,6,3,[0. 0. 0. ... 0. 0. 1.]
101526,437.9,82.1,0.0,30,3,8,4,[1. 1. 1. ... 0. 1. 1.]
104741,606.8,76.7,9.2,41,2,9,14,[0. 0. 0. ... 0. 1. 0.]
104798,87.62,0.0,0.0,1,0,0,0,[0. 0. 0. ... 0. 0. 0.]
104799,315.69,97.3,0.9,19,1,6,8,[0. 0. 0. ... 0. 0. 1.]
104810,137.33,0.0,0.0,1,0,0,0,[0. 0. 0. ... 0. 0. 0.]
104849,500.2,50.2,0.0,31,2,3,4,[1. 1. 0. ... 1. 0. 1.]
104865,551.6,154.0,3.8,39,2,11,11,[1. 0. 1. ... 1. 0. 1.]
105145,69.723,0.0,0.0,1,0,0,0,[0. 0. 0. ... 0. 0. 0.]
107694,713.3,101.0,0.0,51,2,6,4,[0. 0. 0. ... 0. 1. 1.]
107807,368.5,95.9,0.9,26,2,6,9,[0. 1. 1. ... 0. 1. 1.]
107969,343.9,66.5,0.0,23,4,3,12,[0. 0. 0. ... 0. 0. 1.]
107994,410.5,107.0,0.5,30,3,6,8,[1. 1. 0. ... 1. 1. 1.]
108150,761.8,194.0,3.4,54,4,15,4,[1. 1. 1. ... 1. 1. 1.]
110635,389.4,74.9,2.3,29,1,4,1,[1. 1. 0. ... 0. 1. 1.]
115237,426.5,82.2,2.2,31,1,7,4,[1. 0. 1. ... 1. 0. 1.]
115355,329.23,97.0,2.3,23,0,8,2,[1. 0. 0. ... 0. 0. 1.]
119182,303.68,119.0,0.9,20,3,8,2,[1. 0. 0. ... 1. 1. 1.]
119212,465.6,170.0,-0.8,32,5,8,12,[1. 1. 1. ... 1. 1. 1.]
119569,284.2,79.2,0.0,16,4,4,3,[1. 0. 1. ... 1. 0. 1.]
119607,314.4,94.6,2.6,22,1,5,3,[1. 1. 1. ... 0. 1. 1.]
119828,370.4,97.6,3.3,26,1,5,5,[1. 1. 1. ... 0. 1. 1.]
121396,190.15,130.0,-2.4,13,4,5,5,[0. 0. 0. ... 0. 0. 1.]
121749,431.1,98.5,0.0,25,3,3,6,[0. 0. 0. ... 0. 0. 1.]
121892,303.33,76.4,2.8,22,3,5,6,[0. 0. 0. ... 0. 0. 1.]
123600,239.31,72.7,0.3,17,4,4,5,[0. 0. 0. ... 1. 0. 1.]
123606,335.5,64.8,1.6,23,1,4,6,[1. 0. 1. ... 0. 0. 1.]
123610,832.0,377.0,-2.4,57,10,12,10,[1. 1. 0. ... 0. 1. 1.]
123611,1728.1,901.0,0.0,101,9,52,20,[1. 0. 1. ... 0. 1. 1.]
123619,358.8,68.3,3.3,24,0,4,3,[1. 1. 0. ... 0. 0. 0.]
123631,446.9,68.7,4.1,31,1,8,8,[1. 0. 0. ... 0. 0. 1.]
123634,901.2,145.0,0.0,66,5,8,3,[1. 0. 0. ... 0. 1. 0.]
123809,454.4,252.0,0.0,32,11,12,8,[0. 0. 0. ... 1. 0. 1.]
124087,310.8,24.9,4.5,22,1,2,0,[1. 1. 0. ... 0. 0. 1.]
125017,263.37,43.7,2.6,19,2,3,4,[0. 0. 1. ... 0. 1. 1.]
126941,454.4,211.0,-1.8,33,5,12,9,[1. 1. 0. ... 0. 0. 1.]
129211,408.5,108.0,2.7,28,2,7,11,[0. 0. 1. ... 0. 0. 1.]
129228,238.19,73.8,0.7,17,1,5,3,[1. 1. 1. ... 1. 1. 1.]
130881,558.6,154.0,3.8,41,2,10,11,[1. 1. 0. ... 1. 1. 1.]
131204,205.25,89.8,-0.9,14,4,4,6,[0. 0. 0. ... 0. 0. 1.]
131535,623.7,192.0,0.0,40,2,11,13,[0. 1. 1. ... 0. 1. 1.]
132971,349.5,33.1,4.6,26,1,2,1,[1. 0. 0. ... 0. 1. 0.]
132999,468.6,60.5,2.4,34,0,6,10,[0. 1. 1. ... 0. 1. 1.]
134018,316.4,111.0,3.9,22,1,6,5,[1. 1. 0. ... 1. 0. 0.]
134019,325.4,123.0,1.0,24,4,7,6,[1. 1. 0. ... 0. 0. 1.]
134780,273.24,110.0,0.2,20,2,5,1,[1. 1. 0. ... 0. 1. 1.]
135113,192.25,18.5,3.2,14,0,2,1,[0. 0. 0. ... 0. 0. 0.]
135326,271.09,64.4,1.0,12,2,1,2,[0. 0. 0. ... 0. 0. 1.]
145068,30.006,18.1,0.2,2,0,1,0,[0. 0. 0. ... 0. 0. 0.]
146570,324.4,36.3,3.2,24,0,4,5,[0. 1. 0. ... 0. 1. 1.]
147740,662.9,83.8,0.0,49,2,5,1,[0. 0. 1. ... 0. 1. 0.]
148121,477.5,207.0,-0.9,35,5,11,10,[1. 1. 1. ... 1. 0. 1.]
148123,861.9,227.0,0.0,61,8,17,13,[1. 1. 1. ... 0. 0. 1.]
148192,704.9,171.0,5.6,51,5,9,18,[1. 1. 1. ... 1. 1. 1.]
148211,296.4,23.6,2.8,22,0,2,1,[1. 1. 0. ... 0. 1. 1.]
149096,361.4,73.3,-0.4,26,1,8,2,[1. 1. 0. ... 1. 0. 1.]
150311,409.4,60.8,4.0,30,2,5,6,[0. 0. 0. ... 0. 0. 1.]
150610,475.5,182.0,-1.5,33,5,9,7,[0. 1. 0. ... 0. 0. 1.]
151075,254.28,86.2,1.9,19,2,3,4,[0. 0. 0. ... 0. 0. 1.]
151171,498.6,78.1,5.7,38,2,3,4,[1. 1. 1. ... 1. 1. 1.]
152945,528.5,58.2,5.4,37,2,8,2,[1. 0. 1. ... 0. 0. 1.]
153994,456.3,90.9,4.3,30,1,7,10,[0. 0. 1. ... 1. 1. 1.]
154058,398.9,32.8,0.0,28,1,3,3,[0. 1. 0. ... 0. 0. 1.]
154100,269.77,38.3,0.0,18,2,3,4,[0. 0. 1. ... 0. 1. 1.]
154256,530.7,95.2,0.0,39,3,6,7,[1. 1. 0. ... 0. 1. 1.]
154417,289.4,49.8,1.8,21,1,4,5,[0. 1. 1. ... 0. 0. 1.]
156391,230.26,46.5,3.3,17,1,3,3,[0. 0. 0. ... 0. 0. 0.]
156418,393.9,12.0,0.0,27,2,4,6,[1. 0. 0. ... 0. 0. 1.]
157688,816.9,134.0,4.4,59,2,13,10,[1. 1. 1. ... 1. 1. 1.]
157920,390.5,83.8,4.0,27,2,7,11,[0. 0. 0. ... 0. 0. 0.]
157921,181.62,69.4,0.0,11,2,4,5,[0. 0. 1. ... 0. 0. 1.]
158781,446.5,130.0,3.2,33,3,7,8,[1. 1. 0. ... 1. 1. 1.]
158786,513.5,171.0,-0.4,34,4,10,22,[0. 1. 0. ... 0. 1. 1.]
159247,186.08,38.6,0.0,10,2,2,2,[0. 0. 0. ... 0. 0. 1.]
159269,242.23,99.1,-1.2,17,3,5,2,[1. 0. 0. ... 1. 1. 1.]
160051,618.2,62.6,0.0,39,4,5,22,[0. 0. 0. ... 0. 0. 1.]
160352,496.5,207.0,0.0,34,4,10,5,[1. 0. 0. ... 1. 1. 1.]
163091,285.8,12.5,3.8,20,0,2,0,[0. 0. 0. ... 0. 0. 1.]
163296,646.6,106.0,0.0,44,0,10,11,[1. 0. 1. ... 0. 1. 1.]
164522,388.9,62.7,1.0,27,1,5,8,[1. 0. 0. ... 0. 1. 1.]
165579,711.7,436.0,0.0,47,13,23,9,[1. 0. 0. ... 0. 0. 1.]
166548,1140.2,377.0,2.3,82,14,17,14,[0. 1. 0. ... 1. 1. 1.]
168625,184.21,62.8,1.4,12,1,3,2,[0. 0. 0. ... 0. 0. 0.]
168708,348.4,89.0,2.3,24,1,5,2,[0. 0. 0. ... 0. 0. 0.]
168924,457.84,190.0,0.0,14,0,9,0,[0. 0. 0. ... 0. 0. 0.]
170361,211.26,37.8,0.8,16,1,3,0,[1. 0. 0. ... 0. 0. 1.]
171558,563.8,294.0,0.0,33,8,12,2,[1. 0. 1. ... 0. 1. 1.]
174174,289.4,49.8,1.8,21,1,4,5,[0. 1. 1. ... 0. 0. 1.]
175804,310.9,32.299,0.0,21,2,2,4,[0. 0. 0. ... 0. 0. 1.]
176870,393.4,74.7,3.3,29,1,7,11,[1. 0. 0. ... 0. 0. 0.]
179344,296.32,72.6,2.0,22,1,3,2,[0. 1. 0. ... 1. 0. 1.]
185457,367.4,167.0,-0.1,25,4,7,10,[1. 0. 0. ... 0. 0. 1.]
192155,606.1,153.0,0.0,42,6,9,7,[1. 0. 0. ... 0. 0. 1.]
193962,435.3,121.0,4.5,28,2,7,4,[1. 0. 0. ... 1. 1. 0.]
197281,1058.1,446.0,0.0,63,14,26,27,[1. 0. 0. ... 0. 0. 1.]
197712,378.4,81.5,3.8,28,1,6,7,[1. 0. 0. ... 1. 1. 0.]
206527,407.5,103.0,0.0,28,2,7,4,[0. 0. 0. ... 0. 1. 1.]
208898,556.8,97.2,7.2,39,1,7,18,[0. 1. 1. ... 1. 1. 1.]
208902,259.339,38.3,2.7,19,1,2,4,[0. 1. 0. ... 1. 1. 1.]
208908,581.1,115.0,5.1,40,2,9,11,[1. 1. 0. ... 0. 1. 1.]
213039,547.7,149.0,2.9,38,3,9,12,[0. 0. 1. ... 0. 1. 1.]
213046,492.7,85.0,5.4,35,0,6,5,[1. 1. 0. ... 0. 1. 1.]
216210,471.5,150.0,1.7,35,4,7,9,[1. 1. 0. ... 0. 0. 1.]
216235,454.9,144.0,3.7,29,1,9,6,[1. 0. 1. ... 0. 1. 1.]
216237,448.9,69.6,4.8,32,2,3,3,[1. 1. 0. ... 0. 0. 1.]
216239,464.8,92.4,4.1,32,3,7,5,[1. 0. 0. ... 0. 0. 1.]
216258,1749.8,749.0,0.0,112,18,33,39,[0. 1. 1. ... 0. 1. 1.]
216326,259.26,92.5,-0.5,19,2,4,1,[1. 1. 0. ... 0. 1. 1.]
216416,413.5,32.7,6.1,31,1,3,6,[0. 1. 0. ... 0. 1. 1.]
219024,390.35,187.0,-1.5,28,5,10,4,[1. 0. 1. ... 1. 1. 1.]
219078,250.29,67.4,0.3,18,2,3,6,[0. 1. 0. ... 0. 0. 1.]
221493,408.6,98.0,3.6,29,4,5,4,[0. 0. 0. ... 0. 0. 0.]
222786,360.4,91.7,1.5,26,2,5,2,[1. 0. 0. ... 0. 0. 0.]
225609,422.5,101.0,1.7,30,2,7,4,[1. 0. 0. ... 0. 0. 1.]
241902,909.1,237.0,0.0,64,5,16,10,[1. 1. 1. ... 1. 1. 1.]
247839,344.5,54.4,2.7,25,1,3,1,[0. 0. 0. ... 0. 0. 0.]
259329,520.4,96.3,2.9,33,2,6,8,[0. 0. 0. ... 0. 1. 1.]
259331,440.4,49.8,4.0,29,1,3,6,[0. 0. 0. ... 0. 1. 1.]
358641,543.6,212.0,0.0,38,4,13,8,[1. 1. 1. ... 0. 1. 1.]
383413,1079.3,420.0,0.0,75,14,16,17,[1. 1. 0. ... 0. 1. 1.]
387447,384.2,124.0,0.0,28,4,6,9,[1. 1. 0. ... 0. 1. 1.]
392622,720.9,202.0,6.0,50,4,9,18,[0. 1. 1. ... 0. 1. 1.]
439260,169.18,86.7,-1.2,12,4,4,2,[0. 0. 0. ... 0. 0. 1.]
439302,1007.2,450.0,-2.6,69,12,15,17,[0. 1. 1. ... 0. 1. 1.]
439693,268.27,112.0,-2.1,19,4,6,2,[1. 1. 0. ... 1. 1. 1.]
441129,437.5,139.0,0.0,29,6,10,5,[0. 1. 0. ... 0. 1. 1.]
441140,352.8,71.1,2.2,24,0,6,3,[1. 1. 0. ... 0. 0. 1.]
441193,423.4,220.0,0.0,30,9,11,7,[0. 0. 0. ... 0. 0. 1.]
441199,427.5,202.0,0.0,28,3,9,8,[0. 1. 0. ... 1. 0. 1.]
441276,853.9,221.0,2.5,62,4,14,14,[1. 1. 1. ... 0. 0. 1.]
441277,321.9,23.5,0.0,22,2,2,2,[0. 0. 0. ... 0. 1. 1.]
441290,529.8,59.0,5.0,38,1,5,6,[0. 0. 0. ... 0. 0. 1.]
441300,286.33,102.0,0.9,21,3,6,4,[1. 0. 0. ... 0. 0. 1.]
441313,441.6,122.0,0.0,31,3,7,9,[0. 1. 1. ... 0. 1. 1.]
441314,207.22,104.0,-2.6,14,5,6,3,[1. 0. 0. ... 0. 0. 1.]
441335,427.4,74.6,2.7,28,2,4,2,[1. 0. 0. ... 0. 0. 0.]
441336,521.4,93.8,3.9,35,1,6,5,[1. 1. 0. ... 1. 1. 0.]
441350,195.21,83.6,-1.6,14,3,4,3,[0. 0. 0. ... 0. 0. 1.]
441383,532.5,64.9,4.8,36,0,7,8,[1. 0. 0. ... 1. 1. 1.]
441401,337.35,71.1,0.7,24,1,6,4,[0. 0. 1. ... 0. 1. 1.]
443385,505.0,174.0,-1.2,31,5,10,9,[1. 1. 1. ... 0. 1. 1.]
443872,414.5,82.2,1.4,30,0,6,2,[1. 0. 1. ... 0. 0. 0.]
443878,475.6,139.0,0.0,34,5,8,10,[1. 0. 0. ... 1. 1. 1.]
443884,325.4,68.4,1.8,24,3,3,3,[1. 0. 1. ... 0. 1. 1.]
443936,508.5,107.0,3.4,36,1,9,8,[1. 0. 1. ... 0. 0. 1.]
443943,455.0,72.8,3.6,31,1,6,2,[1. 1. 0. ... 0. 1. 1.]
443953,862.1,226.0,3.4,60,4,17,14,[1. 0. 1. ... 0. 0. 1.]
443958,502.6,99.1,3.6,36,1,8,4,[1. 0. 0. ... 0. 1. 1.]
444006,620.7,257.0,4.7,41,2,14,12,[1. 1. 1. ... 1. 0. 1.]
444008,312.4,37.3,2.4,23,1,2,1,[0. 0. 0. ... 0. 0. 0.]
444013,661.8,207.0,0.0,36,2,13,19,[0. 0. 0. ... 0. 0. 1.]
444025,466.9,99.1,3.9,32,1,7,7,[1. 1. 1. ... 1. 0. 0.]
444030,507.5,55.6,0.0,33,2,3,7,[0. 0. 0. ... 1. 1. 1.]
444036,500.6,106.0,4.0,34,1,9,6,[1. 0. 1. ... 0. 0. 1.]
444795,300.4,37.3,6.3,22,1,2,5,[0. 0. 0. ... 0. 0. 0.]
445226,182.15,90.2,-1.6,12,4,6,1,[1. 0. 0. ... 0. 0. 1.]
445354,286.5,20.2,5.7,21,1,1,5,[0. 0. 0. ... 0. 0. 0.]
445643,804.0,178.0,2.7,57,3,12,7,[1. 0. 1. ... 0. 0. 1.]
446155,411.5,82.7,3.5,30,3,5,8,[1. 1. 0. ... 1. 1. 0.]
446156,459.5,99.9,3.6,33,3,7,11,[1. 1. 0. ... 1. 0. 0.]
446157,481.5,149.0,1.6,33,3,10,10,[1. 1. 1. ... 0. 1. 1.]
446220,303.35,55.8,2.3,22,0,5,5,[1. 1. 1. ... 0. 0. 1.]
446284,302.5,37.3,5.6,22,1,2,13,[0. 0. 0. ... 0. 0. 0.]
446541,320.3,93.1,3.2,23,2,6,6,[1. 0. 0. ... 1. 1. 1.]
446596,500.6,146.0,3.0,35,4,9,17,[1. 0. 0. ... 0. 0. 0.]
447043,749.0,180.0,4.0,52,5,14,7,[1. 0. 1. ... 0. 0. 1.]
448812,832.0,377.0,-2.4,57,10,12,10,[1. 1. 0. ... 0. 1. 1.]
449171,300.4,37.3,6.3,22,1,2,5,[0. 0. 0. ... 0. 0. 0.]
449193,403.2,60.4,4.6,26,1,6,7,[1. 1. 0. ... 1. 0. 1.]
449677,545.6,210.0,0.0,28,0,13,11,[0. 0. 0. ... 0. 0. 1.]
449688,103.17,20.2,-0.4,7,1,1,2,[0. 0. 0. ... 0. 0. 1.]
450096,684.8,205.0,0.0,38,5,14,20,[0. 1. 0. ... 1. 1. 1.]
450503,181.15,90.2,-1.6,12,4,6,1,[1. 0. 0. ... 0. 0. 1.]
451668,228.21,121.0,-1.2,16,3,4,2,[1. 0. 0. ... 0. 1. 0.]
452548,656.7,189.0,1.2,46,3,14,6,[1. 1. 1. ... 1. 1. 1.]
455658,651.9,102.0,0.0,44,2,9,8,[1. 0. 0. ... 1. 1. 0.]
456201,531.4,69.1,4.3,36,0,6,7,[1. 0. 0. ... 1. 0. 1.]
460612,305.2,66.6,-0.5,19,2,4,8,[0. 0. 0. ... 0. 0. 1.]
464205,287.21,136.0,-1.6,19,3,8,5,[1. 0. 0. ... 0. 0. 0.]
466146,279.19,146.0,-3.6,18,4,6,6,[1. 0. 0. ... 0. 1. 1.]
468595,700.8,112.0,4.6,51,1,11,12,[1. 1. 1. ... 1. 1. 1.]
474409,550.4,254.0,-5.8,37,7,14,8,[1. 0. 1. ... 1. 1. 1.]
477468,1270.3,519.0,-1.6,89,16,24,18,[1. 1. 1. ... 1. 1. 1.]
489181,348.4,54.2,2.0,25,1,6,5,[0. 0. 0. ... 1. 1. 1.]
517045,82.03,40.1,0.0,5,0,2,0,[0. 0. 0. ... 0. 0. 0.]
636374,521.0,107.0,3.2,36,1,7,8,[1. 0. 1. ... 0. 0. 0.]
636380,1728.1,901.0,0.0,101,9,52,20,[1. 0. 1. ... 0. 1. 1.]
638678,362.38,150.0,-2.5,26,4,5,6,[1. 1. 0. ... 1. 1. 1.]
644241,529.5,97.6,4.9,39,2,9,6,[1. 1. 1. ... 0. 1. 1.]
657180,1269.4,469.0,0.0,91,16,16,32,[1. 1. 0. ... 1. 1. 1.]
657237,285.23,140.0,-0.6,20,4,9,2,[1. 0. 1. ... 1. 1. 0.]
657298,170.23,73.2,0.8,11,2,2,2,[1. 0. 0. ... 0. 0. 0.]
667477,279.4,12.5,4.3,21,0,2,3,[1. 1. 0. ... 0. 0. 1.]
667490,152.18,85.2,0.0,10,2,2,0,[1. 0. 0. ... 1. 0. 1.]
688020,203.28,20.3,2.8,15,0,1,3,[0. 0. 1. ... 0. 0. 1.]
708857,206.31,43.8,1.6,14,0,2,2,[0. 0. 1. ... 0. 0. 1.]
941650,443.6,77.5,3.8,30,0,6,5,[0. 0. 1. ... 0. 1. 1.]
941651,443.6,77.5,3.8,30,0,6,5,[0. 0. 1. ... 0. 1. 1.]
969472,388.8,91.8,0.5,27,0,7,3,[1. 0. 1. ... 0. 1. 1.]
1349907,114.17,47.4,-0.3,7,1,1,0,[0. 0. 0. ... 0. 0. 0.]
1548886,355.4,76.4,4.1,25,0,5,3,[1. 0. 0. ... 1. 1. 0.]
1548943,305.4,58.6,3.6,22,2,3,9,[0. 0. 0. ... 0. 0. 1.]
1548952,407.0,13.7,7.2,29,1,1,9,[0. 0. 0. ... 0. 0. 1.]
1548954,407.0,13.7,7.2,29,1,1,9,[0. 0. 0. ... 0. 0. 1.]
1548999,389.9,58.2,2.3,27,2,3,7,[0. 0. 0. ... 0. 0. 1.]
1549007,292.4,4.4,5.6,22,1,0,5,[0. 0. 0. ... 0. 0. 1.]
2723601,167.19,111.0,-0.1,11,3,2,0,[1. 0. 0. ... 1. 0. 1.]
2723876,438.3,65.3,0.0,26,5,8,5,[1. 1. 1. ... 0. 0. 1.]
2724354,182.2,76.6,0.1,10,4,6,3,[0. 0. 0. ... 0. 0. 0.]
2724385,780.9,203.0,1.3,55,6,14,7,[1. 0. 0. ... 0. 0. 0.]
2733525,563.6,145.0,0.0,41,4,9,13,[0. 0. 0. ... 0. 1. 1.]
2761171,166.25,71.0,1.1,11,1,2,2,[1. 0. 0. ... 0. 0. 1.]
2826718,1093.3,412.0,0.3,77,16,18,23,[0. 1. 0. ... 1. 1. 1.]
3000226,516.7,104.0,5.5,37,3,6,6,[0. 0. 0. ... 0. 0. 0.]
3001028,350.4,89.0,2.5,24,1,5,2,[0. 0. 0. ... 0. 1. 0.]
3001055,314.41,112.0,0.3,21,2,7,9,[1. 0. 0. ... 0. 1. 1.]
3002190,812.0,172.0,4.2,58,1,13,11,[1. 1. 1. ... 0. 0. 1.]
3002977,513.7,63.0,5.1,37,1,6,8,[0. 0. 1. ... 1. 1. 1.]
3003141,354.3,92.2,4.0,21,0,4,2,[1. 0. 1. ... 0. 1. 0.]
3005572,598.1,145.0,0.0,42,4,9,14,[0. 0. 0. ... 0. 1. 1.]
3007855,136.3,0.0,0.0,3,0,2,0,[0. 0. 0. ... 0. 0. 0.]
3010818,679.8,180.0,4.2,49,4,8,14,[1. 1. 1. ... 0. 1. 1.]
3011155,297.27,149.0,-0.7,21,4,9,3,[1. 0. 1. ... 1. 1. 0.]
3032400,766.8,461.0,0.0,52,16,16,10,[0. 1. 1. ... 0. 1. 1.]
3032525,516.7,104.0,5.5,37,3,6,6,[0. 0. 0. ... 0. 0. 0.]
3032583,371.5,12.5,7.1,28,0,2,8,[0. 0. 0. ... 0. 1. 1.]
3033637,331.5,140.0,1.6,21,2,8,9,[1. 0. 0. ... 0. 0. 1.]
3033825,280.28,113.0,2.3,21,2,6,3,[1. 0. 0. ... 0. 1. 1.]
3034010,495.7,81.7,10.0,35,1,5,23,[1. 0. 1. ... 0. 0. 1.]
3034756,344.4,90.8,1.8,25,4,5,8,[0. 1. 0. ... 0. 0. 1.]
3034812,428.0,46.5,0.0,30,1,4,5,[0. 1. 0. ... 0. 1. 1.]
3036505,378.9,29.5,6.5,27,1,2,8,[0. 0. 0. ... 0. 1. 0.]
3036780,285.8,12.5,3.8,20,0,2,0,[0. 0. 0. ... 0. 0. 1.]
3038497,332.24,81.6,0.0,21,0,5,5,[0. 0. 0. ... 0. 0. 1.]
3052762,367.9,76.8,2.0,25,2,5,6,[0. 1. 1. ... 0. 1. 1.]
3052775,267.35,74.8,0.0,18,2,4,2,[0. 0. 0. ... 0. 0. 1.]
3062316,488.0,135.0,3.6,33,3,9,7,[1. 0. 1. ... 0. 1. 1.]
3080904,560.8,101.0,0.0,41,5,5,0,[1. 0. 0. ... 0. 1. 0.]
3081361,475.4,59.5,4.9,30,1,7,6,[1. 0. 0. ... 0. 0. 1.]
3081884,623.7,374.0,0.0,43,12,18,13,[0. 0. 0. ... 0. 0. 1.]
3083544,344.4,90.8,1.8,25,4,5,8,[0. 1. 0. ... 0. 0. 1.]
3085017,149.62,38.6,0.0,9,1,2,2,[0. 0. 0. ... 0. 0. 1.]
3086257,605.7,152.0,0.0,44,5,7,8,[1. 0. 1. ... 1. 1. 0.]
3086674,427.3,29.5,4.0,23,0,4,6,[1. 0. 1. ... 0. 1. 1.]
4369359,407.31,77.0,0.7,28,1,10,4,[0. 0. 1. ... 1. 0. 1.]
4517618,70.003,48.1,0.0,4,1,2,0,[0. 0. 0. ... 0. 0. 0.]
4659569,273.24,103.0,3.3,20,2,5,2,[0. 1. 0. ... 0. 0. 1.]
5001396,307.3,66.4,3.3,23,0,4,4,[1. 1. 0. ... 1. 1. 1.]
5273759,515.6,215.0,0.0,36,5,10,6,[1. 0. 0. ... 0. 0. 1.]
5277135,447.9,87.1,5.3,31,2,7,7,[1. 1. 0. ... 1. 0. 1.]
5280360,352.5,94.8,2.8,25,3,5,12,[0. 0. 0. ... 0. 0. 0.]
5280363,354.5,98.0,2.7,25,4,5,12,[1. 0. 0. ... 0. 0. 0.]
5280453,416.6,60.7,5.1,30,3,3,6,[1. 0. 0. ... 0. 0. 1.]
5280483,450.7,34.1,10.9,33,0,2,14,[1. 0. 0. ... 0. 0. 0.]
5280723,354.5,94.8,3.2,25,3,5,13,[0. 0. 0. ... 0. 0. 0.]
5280754,1202.6,279.0,7.5,85,5,12,15,[0. 1. 0. ... 0. 1. 1.]
5280793,396.6,20.2,7.4,29,1,1,5,[0. 0. 0. ... 0. 0. 1.]
5280954,634.7,118.0,4.5,46,1,10,11,[1. 1. 1. ... 0. 0. 1.]
5280965,924.1,320.0,0.0,65,12,18,3,[1. 0. 1. ... 0. 0. 1.]
5281004,430.5,93.1,2.5,31,2,6,4,[1. 0. 0. ... 0. 1. 0.]
5281006,389.4,158.0,-1.4,27,4,7,5,[0. 1. 0. ... 1. 0. 1.]
5281034,332.5,57.5,4.4,24,2,3,0,[0. 0. 0. ... 0. 0. 0.]
5281037,424.5,121.0,4.5,30,2,6,10,[0. 0. 0. ... 0. 1. 0.]
5281040,586.2,95.7,7.7,41,2,5,12,[1. 1. 1. ... 0. 0. 0.]
5281042,1029.3,145.0,8.7,74,0,14,30,[0. 0. 1. ... 0. 0. 1.]
5281071,337.4,49.8,1.5,25,1,4,5,[1. 1. 0. ... 1. 0. 1.]
5281075,368.5,98.0,2.9,26,4,5,12,[1. 0. 0. ... 0. 0. 0.]
5281078,433.5,94.5,3.2,31,1,8,10,[1. 0. 1. ... 1. 1. 1.]
5281081,305.29,130.0,2.1,22,2,6,4,[0. 1. 1. ... 0. 0. 1.]
5281099,665.7,231.0,-1.3,47,7,14,3,[1. 0. 0. ... 0. 0. 1.]
5281104,416.6,60.7,5.0,30,3,3,5,[1. 0. 0. ... 0. 0. 1.]
5281107,412.6,40.5,6.3,30,2,2,5,[1. 0. 0. ... 0. 0. 1.]
5282175,424.6,83.8,4.9,30,2,5,17,[1. 0. 1. ... 0. 0. 0.]
5282226,500.5,96.2,4.1,35,3,9,13,[1. 0. 1. ... 0. 0. 0.]
5282241,446.5,219.0,0.0,29,6,12,6,[1. 1. 1. ... 1. 0. 1.]
5282379,300.4,37.3,6.3,22,1,2,5,[0. 0. 0. ... 0. 0. 0.]
5282380,432.6,87.0,4.3,31,3,5,14,[1. 0. 1. ... 0. 0. 0.]
5282381,382.5,83.8,3.7,27,2,5,14,[0. 0. 1. ... 0. 0. 0.]
5282411,352.5,87.0,2.9,25,3,5,10,[1. 0. 0. ... 0. 0. 0.]
5282415,475.6,185.0,0.0,33,8,9,15,[1. 0. 0. ... 0. 0. 1.]
5282425,331.9,29.7,0.0,22,1,2,3,[0. 1. 0. ... 0. 0. 1.]
5282451,881.0,187.0,0.0,63,4,12,14,[1. 1. 0. ... 1. 1. 0.]
5282593,275.34,49.8,1.9,20,1,4,4,[0. 1. 0. ... 0. 0. 1.]
5284371,299.4,41.9,1.1,22,1,4,1,[1. 0. 1. ... 1. 1. 1.]
5284513,326.4,46.5,6.1,24,1,3,6,[0. 0. 0. ... 1. 1. 0.]
5284537,374.9,54.4,3.1,26,1,3,1,[0. 0. 0. ... 0. 0. 1.]
5284543,301.4,41.9,2.2,22,1,4,1,[1. 0. 1. ... 1. 1. 1.]
5284549,324.4,151.0,0.4,19,2,7,3,[0. 1. 1. ... 1. 1. 1.]
5284555,436.6,113.0,0.0,30,3,7,2,[0. 0. 0. ... 0. 1. 1.]
5284566,312.4,50.2,2.8,23,1,3,2,[1. 0. 1. ... 1. 1. 1.]
5284569,299.4,38.8,2.2,22,0,4,1,[1. 0. 1. ... 0. 1. 1.]
5284570,285.34,49.8,1.8,21,1,4,0,[1. 0. 1. ... 0. 1. 1.]
5284583,170.21,63.4,-0.3,12,1,2,3,[0. 0. 0. ... 0. 0. 1.]
5284594,339.4,52.9,2.7,25,2,4,2,[1. 0. 1. ... 1. 1. 1.]
5284596,327.4,70.0,2.1,24,2,5,2,[1. 0. 1. ... 1. 1. 1.]
5284603,315.4,59.0,1.2,23,1,5,1,[1. 0. 1. ... 1. 1. 1.]
5284604,301.34,70.0,0.8,22,2,5,0,[1. 0. 1. ... 1. 1. 1.]
5284616,914.2,195.0,6.0,65,3,13,6,[1. 0. 1. ... 0. 0. 1.]
5284627,339.36,124.0,-0.8,22,1,9,3,[1. 0. 1. ... 0. 1. 0.]
5288169,102.09,54.4,-1.5,7,1,3,3,[0. 0. 0. ... 0. 0. 0.]
5288783,412.6,60.7,4.3,30,3,3,5,[1. 0. 0. ... 0. 0. 1.]
5288826,285.34,52.9,0.8,21,2,4,0,[1. 0. 1. ... 1. 1. 1.]
5289223,291.19,150.0,-4.0,19,5,8,6,[0. 0. 0. ... 1. 1. 1.]
5310993,154.12,75.6,-1.0,11,1,4,1,[1. 0. 0. ... 0. 0. 0.]
5311000,408.9,94.8,2.2,28,3,5,2,[1. 0. 0. ... 0. 0. 0.]
5311027,415.6,89.8,2.8,30,4,4,12,[1. 0. 0. ... 0. 0. 1.]
5311051,410.9,74.6,2.5,28,2,5,2,[1. 0. 0. ... 0. 0. 1.]
5311052,410.9,74.6,2.5,28,2,5,2,[1. 0. 0. ... 0. 0. 0.]
5311065,1069.2,489.0,-4.0,74,13,15,19,[0. 1. 1. ... 0. 1. 1.]
5311066,416.5,93.1,2.7,30,2,6,2,[1. 0. 0. ... 0. 1. 0.]
5311067,376.5,74.6,2.3,27,2,5,2,[1. 0. 0. ... 0. 0. 1.]
5311068,200.28,28.7,3.1,15,1,1,2,[1. 1. 0. ... 1. 1. 0.]
5311101,444.5,99.9,3.2,30,2,8,3,[1. 0. 0. ... 0. 0. 1.]
5311167,428.9,74.6,2.7,29,2,6,2,[1. 0. 0. ... 0. 0. 1.]
5311181,360.5,77.8,2.8,26,3,4,8,[0. 0. 0. ... 0. 0. 0.]
5311221,432.6,87.0,4.3,31,3,5,14,[1. 0. 1. ... 0. 0. 0.]
5311236,382.5,94.8,3.7,27,3,5,15,[1. 0. 0. ... 0. 0. 0.]
5311304,357.4,73.2,0.2,26,3,5,2,[1. 0. 1. ... 1. 1. 1.]
5311309,317.4,66.4,3.2,23,2,3,6,[0. 0. 0. ... 0. 0. 1.]
5311412,370.5,54.4,3.5,27,1,3,2,[0. 0. 0. ... 0. 0. 0.]
5311454,234.29,38.7,3.6,17,1,3,3,[0. 1. 0. ... 0. 0. 0.]
5311498,1355.4,476.0,0.0,93,9,21,26,[1. 1. 1. ... 1. 1. 1.]
5311507,401.0,52.0,4.3,27,1,4,5,[0. 0. 0. ... 0. 1. 1.]
5312125,495.5,97.0,3.6,35,3,9,13,[0. 1. 0. ... 0. 1. 1.]
5324345,319.34,58.5,2.6,22,1,6,9,[1. 0. 0. ... 0. 0. 1.]
5327147,1221.5,269.0,-4.4,83,1,28,80,[0. 0. 0. ... 0. 0. 0.]
5328940,530.4,82.9,5.4,36,1,8,9,[1. 1. 0. ... 0. 1. 1.]
5329098,238.28,44.9,2.5,18,2,1,1,[1. 0. 1. ... 0. 1. 1.]
5329102,398.5,77.2,2.6,29,3,4,7,[1. 1. 1. ... 0. 1. 1.]
5352019,853.9,221.0,2.5,62,4,14,14,[1. 1. 1. ... 0. 0. 1.]
5352062,540.7,193.0,2.2,36,4,8,2,[0. 1. 1. ... 0. 1. 1.]
5353853,429.1,39.4,6.1,26,0,3,6,[1. 0. 0. ... 0. 0. 0.]
5359272,257.37,23.5,3.1,19,1,2,0,[0. 0. 0. ... 0. 1. 1.]
5359596,74.921,0.0,0.0,1,0,0,0,[0. 0. 0. ... 0. 0. 0.]
5360237,742.7,293.0,-2.4,52,10,19,15,[1. 1. 0. ... 1. 0. 1.]
5360373,1415.6,685.0,-7.5,96,20,31,36,[1. 1. 1. ... 1. 1. 1.]
5360515,341.4,70.0,1.9,25,2,5,2,[1. 0. 1. ... 1. 1. 1.]
5360696,271.4,12.5,3.4,20,0,2,1,[0. 0. 0. ... 0. 1. 1.]
5361092,327.5,43.7,3.8,24,2,3,2,[0. 0. 1. ... 1. 1. 1.]
5361917,436.3,66.8,0.0,27,2,5,2,[1. 0. 1. ... 1. 1. 1.]
5362051,636.7,250.0,0.0,42,8,17,8,[1. 1. 0. ... 1. 0. 1.]
5362065,453.5,238.0,-0.7,30,4,12,8,[1. 1. 0. ... 1. 0. 1.]
5362118,441.5,135.0,0.0,31,6,9,12,[0. 1. 0. ... 0. 1. 1.]
5362123,460.9,95.9,0.0,32,3,6,10,[0. 1. 1. ... 0. 1. 1.]
5362129,416.5,95.9,1.4,30,2,6,10,[0. 1. 1. ... 0. 1. 1.]
5362420,718.8,174.0,4.9,53,3,10,12,[1. 1. 1. ... 1. 1. 1.]
5362440,613.8,118.0,2.8,45,4,7,12,[1. 1. 1. ... 1. 1. 1.]
5386092,924.1,320.0,0.0,65,12,18,3,[1. 0. 1. ... 0. 0. 1.]
5388906,555.5,45.6,7.2,37,1,4,8,[1. 0. 0. ... 0. 1. 1.]
5388961,492.5,171.0,0.0,35,4,10,12,[0. 1. 1. ... 0. 1. 1.]
5460037,504.4,277.0,-7.2,34,11,16,11,[1. 0. 0. ... 0. 0. 0.]
5460193,1348.4,453.0,0.0,92,10,19,16,[1. 1. 1. ... 1. 1. 1.]
5462501,348.4,107.0,-0.7,25,3,6,8,[0. 1. 0. ... 0. 1. 1.]
5463984,396.4,107.0,0.6,29,3,6,8,[0. 1. 0. ... 0. 1. 1.]
5464096,388.5,107.0,0.7,28,3,6,8,[0. 1. 0. ... 0. 1. 1.]
5464097,402.5,107.0,1.2,29,3,6,8,[0. 1. 0. ... 0. 1. 1.]
5479529,424.4,199.0,-0.2,29,3,10,8,[1. 1. 1. ... 1. 1. 1.]
5479530,554.6,288.0,-1.3,36,4,13,8,[1. 1. 1. ... 1. 0. 1.]
5479537,480.6,204.0,-0.1,32,2,10,6,[1. 1. 0. ... 1. 0. 1.]
5480431,837.0,217.0,3.1,58,5,17,13,[1. 1. 1. ... 0. 0. 1.]
5481173,546.6,245.0,0.4,37,3,12,8,[1. 1. 0. ... 1. 0. 1.]
5481350,519.4,185.0,1.6,35,1,14,17,[1. 0. 0. ... 0. 0. 0.]
5484727,430.5,95.9,2.0,31,2,6,10,[0. 1. 1. ... 0. 1. 1.]
5486971,159.23,63.3,-1.6,11,2,3,5,[0. 0. 0. ... 0. 0. 1.]
5487068,937.0,269.0,0.0,66,8,17,11,[1. 0. 1. ... 1. 1. 1.]
5488547,460.6,91.9,0.0,33,5,7,8,[1. 0. 1. ... 0. 1. 1.]
5493444,551.8,146.0,3.5,39,4,7,19,[0. 0. 1. ... 0. 0. 1.]
5702160,337.5,238.0,-0.6,20,4,8,7,[1. 0. 1. ... 0. 0. 1.]
5742673,455.5,227.0,-1.4,30,3,12,8,[1. 1. 0. ... 1. 0. 1.]
5742832,435.4,238.0,0.3,28,4,12,7,[1. 1. 1. ... 1. 1. 1.]
6178111,253.73,88.8,1.5,17,3,1,4,[0. 0. 0. ... 0. 0. 1.]
6321408,467.6,62.2,5.0,34,2,5,5,[1. 1. 1. ... 1. 1. 1.]
6321411,453.5,238.0,-0.7,30,4,12,8,[1. 1. 0. ... 1. 0. 1.]
6321416,510.5,214.0,0.9,35,2,12,12,[1. 1. 1. ... 1. 1. 1.]
6324671,825.0,171.0,2.8,60,3,12,10,[1. 1. 1. ... 1. 1. 1.]
6326970,78.97,0.0,0.0,1,0,0,0,[0. 0. 0. ... 0. 0. 0.]
6328144,226.025,0.0,0.0,1,0,0,0,[0. 0. 0. ... 0. 0. 0.]
6328526,508.16,196.0,0.0,28,5,13,16,[0. 0. 0. ... 0. 0. 1.]
6335986,427.5,210.0,-1.4,28,3,11,7,[1. 1. 0. ... 1. 0. 1.]
6337614,296.4,23.6,2.8,22,0,2,1,[1. 1. 0. ... 0. 1. 1.]
6419957,1457.4,922.0,0.0,95,30,42,18,[1. 0. 1. ... 0. 0. 1.]
6433082,251.75,69.4,0.0,16,2,4,10,[0. 0. 1. ... 0. 0. 1.]
6433212,354.5,94.8,3.2,25,3,5,13,[0. 0. 0. ... 0. 0. 0.]
6433272,926.1,320.0,-0.2,65,12,18,3,[1. 0. 1. ... 0. 0. 1.]
6434870,394.5,83.8,4.2,28,2,5,13,[0. 0. 0. ... 0. 0. 0.]
6435110,1736.2,340.0,0.0,123,6,28,15,[1. 0. 1. ... 0. 0. 1.]
6435378,360.5,77.8,2.8,26,3,4,8,[0. 0. 0. ... 0. 0. 0.]
6435755,822.0,179.0,0.0,58,4,13,7,[1. 0. 1. ... 0. 0. 1.]
6436131,412.6,60.7,4.3,30,3,3,5,[1. 0. 0. ... 0. 0. 1.]
6436173,785.9,198.0,6.9,57,5,12,3,[1. 0. 1. ... 1. 1. 1.]
6437075,583.6,265.0,0.0,39,5,13,7,[0. 1. 0. ... 1. 1. 1.]
6437877,620.7,257.0,4.7,41,2,14,12,[1. 1. 1. ... 1. 0. 1.]
6442177,958.2,205.0,5.9,68,3,14,9,[1. 0. 1. ... 0. 0. 1.]
6445540,506.7,140.0,3.6,35,3,7,2,[0. 0. 0. ... 0. 0. 1.]
6450551,386.5,96.0,4.2,28,2,4,5,[1. 1. 0. ... 1. 0. 1.]
6451164,366.4,97.4,4.5,28,2,6,5,[1. 0. 1. ... 0. 0. 0.]
6452749,800.1,134.0,0.0,48,3,10,5,[1. 0. 1. ... 0. 0. 1.]
6453361,546.148,3.0,0.0,5,0,3,0,[0. 0. 0. ... 0. 0. 0.]
6480466,534.5,104.0,5.6,38,0,11,7,[0. 0. 0. ... 0. 0. 1.]
6509979,810.4,158.0,3.8,56,2,11,6,[1. 0. 1. ... 0. 0. 1.]
6533629,383.4,201.0,0.0,25,3,10,5,[1. 1. 0. ... 1. 0. 1.]
6540461,455.5,227.0,-1.4,30,3,12,8,[1. 1. 0. ... 1. 0. 1.]
6602291,1270.3,519.0,-1.6,89,16,24,18,[1. 1. 1. ... 1. 1. 1.]
6604100,336.23,127.0,0.0,24,0,6,3,[1. 1. 1. ... 0. 1. 1.]
6604200,238.16,121.0,-0.5,17,1,6,2,[1. 0. 0. ... 1. 1. 1.]
6708482,563.7,110.0,6.2,39,1,7,15,[1. 0. 1. ... 1. 1. 1.]
6714002,488.6,116.0,4.2,35,1,8,9,[1. 0. 1. ... 0. 0. 0.]
6714010,1422.7,556.0,-4.1,100,17,21,31,[1. 1. 1. ... 1. 1. 1.]
6850789,501.98,193.0,0.0,28,8,14,5,[1. 0. 0. ... 0. 0. 0.]
6850791,1269.4,465.0,0.0,91,15,16,32,[1. 1. 1. ... 0. 1. 1.]
6915944,395.4,212.0,0.0,26,4,10,5,[1. 1. 0. ... 1. 0. 1.]
6917715,324.5,37.3,3.3,24,1,2,2,[0. 0. 0. ... 0. 0. 1.]
6917778,282.81,46.3,0.0,19,2,2,5,[0. 1. 0. ... 1. 0. 1.]
6918010,1156.4,443.0,0.0,81,14,16,17,[1. 1. 0. ... 0. 1. 1.]
6918140,390.5,87.0,4.5,28,3,5,10,[0. 0. 0. ... 0. 0. 1.]
6918155,540.7,99.1,5.3,39,1,7,6,[1. 0. 1. ... 0. 1. 0.]
6918172,1364.6,589.0,0.0,96,16,20,30,[1. 1. 0. ... 0. 1. 1.]
6918182,513.5,216.0,0.0,25,0,11,4,[1. 0. 0. ... 0. 0. 1.]
6918193,759.3,298.0,0.0,46,5,16,7,[1. 1. 0. ... 0. 0. 1.]
6918204,1058.1,440.0,0.0,63,14,26,29,[1. 0. 0. ... 0. 0. 1.]
6918289,1030.3,242.0,5.6,73,4,16,11,[1. 0. 1. ... 0. 0. 1.]
6918296,528.5,58.2,5.4,37,2,8,2,[1. 0. 1. ... 0. 0. 1.]
6918313,478.0,102.0,0.0,34,3,5,7,[1. 1. 0. ... 1. 1. 1.]
6918453,678.5,115.0,0.0,32,0,10,12,[1. 1. 0. ... 0. 0. 0.]
6918456,373.4,74.8,3.6,26,0,6,6,[1. 1. 0. ... 1. 1. 1.]
6918493,378.4,81.5,3.8,28,1,6,7,[1. 0. 0. ... 1. 1. 0.]
6918537,303.4,76.4,0.9,22,2,4,3,[0. 0. 0. ... 0. 1. 1.]
6918554,392.5,81.6,3.3,29,4,4,6,[1. 0. 0. ... 0. 0. 1.]
6918558,411.6,49.8,5.5,30,1,4,11,[1. 0. 0. ... 1. 1. 1.]
6918584,2178.0,995.0,0.0,136,16,56,32,[1. 1. 0. ... 0. 0. 0.]
6918638,318.3,104.0,1.7,22,3,5,5,[0. 0. 1. ... 0. 0. 1.]
6918670,430.5,104.0,2.0,31,3,6,4,[1. 0. 1. ... 0. 0. 0.]
9552079,505.4,178.0,0.1,34,6,2,13,[0. 0. 0. ... 0. 0. 1.]
9567573,837.0,217.0,3.1,58,5,17,13,[1. 1. 1. ... 0. 0. 1.]
9568613,713.1,163.0,0.0,49,0,14,10,[1. 0. 0. ... 0. 1. 0.]
9571107,389.4,121.0,-0.7,28,2,10,5,[1. 1. 1. ... 0. 0. 1.]
9578005,369.4,87.1,2.8,25,1,8,5,[1. 0. 0. ... 0. 1. 0.]
9578572,627.7,154.0,5.7,46,2,8,17,[1. 1. 1. ... 0. 0. 1.]
9579578,345.4,96.3,2.2,24,1,6,5,[1. 0. 0. ... 0. 1. 0.]
9690109,273.4,79.4,1.7,19,1,3,5,[1. 0. 0. ... 0. 0. 1.]
9815560,197.27,49.3,0.3,14,2,3,2,[0. 0. 0. ... 0. 0. 1.]
9831414,687.0,52.6,0.0,50,0,4,31,[0. 0. 1. ... 0. 0. 0.]
9831761,726.3,222.0,0.0,49,4,12,8,[0. 1. 1. ... 0. 0. 1.]
9831783,728.7,350.0,0.0,52,11,17,11,[0. 1. 1. ... 0. 0. 1.]
9833444,1143.3,486.0,-2.6,78,13,19,33,[1. 1. 0. ... 0. 1. 1.]
9838021,257.8,23.5,0.0,17,2,2,5,[0. 0. 0. ... 0. 1. 1.]
9852981,684.7,330.0,2.3,43,4,17,10,[1. 1. 0. ... 1. 1. 1.]
9853053,693.7,61.4,8.6,50,2,9,10,[1. 1. 1. ... 1. 1. 1.]
9854073,835.9,202.0,2.7,60,3,14,15,[1. 1. 1. ... 0. 0. 1.]
9854489,538.6,119.0,4.8,37,1,10,6,[1. 1. 0. ... 1. 1. 1.]
9865528,396.5,129.0,2.1,28,4,6,9,[1. 0. 1. ... 0. 0. 1.]
9868491,452.5,76.0,4.5,32,2,7,13,[1. 0. 1. ... 0. 0. 0.]
9869929,483.9,125.0,2.6,34,3,9,9,[1. 0. 1. ... 0. 0. 1.]
9871419,522.6,164.0,2.0,36,4,12,10,[1. 0. 1. ... 0. 1. 1.]
9875401,435.9,116.0,2.5,29,1,6,5,[0. 0. 1. ... 0. 0. 1.]
9881504,254.28,66.6,1.4,19,2,2,0,[0. 0. 0. ... 1. 0. 1.]
9887712,408.9,99.4,2.3,28,4,6,6,[1. 0. 0. ... 0. 1. 0.]
9898619,1357.7,492.0,0.6,95,17,18,34,[1. 1. 1. ... 0. 1. 1.]
9916860,607.7,186.0,0.0,32,6,13,10,[0. 0. 0. ... 0. 1. 1.]
9924495,349.4,57.0,3.4,27,0,3,3,[1. 1. 1. ... 1. 1. 1.]
9926791,312.37,88.9,1.5,23,1,5,3,[1. 1. 1. ... 0. 1. 1.]
9930048,385.9,51.2,0.0,26,2,5,7,[0. 0. 0. ... 0. 0. 1.]
9940864,856.3,290.0,0.0,58,5,17,12,[1. 1. 1. ... 1. 1. 1.]
9960701,620.9,77.8,0.0,46,3,4,3,[0. 0. 0. ... 0. 1. 1.]
9966051,298.4,40.6,4.2,21,1,3,3,[0. 0. 0. ... 0. 0. 1.]
10034073,1058.0,267.0,6.4,72,7,18,15,[1. 1. 1. ... 0. 1. 1.]
10077129,590.7,161.0,0.0,41,3,10,6,[1. 1. 1. ... 0. 0. 1.]
10096344,472.5,114.0,1.9,35,1,7,4,[1. 1. 0. ... 1. 0. 1.]
10113978,437.5,127.0,3.1,31,2,8,5,[1. 0. 1. ... 1. 0. 1.]
10178705,393.8,86.9,1.1,27,2,7,3,[1. 1. 0. ... 1. 0. 1.]
10182969,459.5,111.0,2.2,34,1,5,5,[1. 1. 0. ... 1. 0. 1.]
10184653,485.9,88.6,3.6,34,2,8,8,[1. 0. 1. ... 0. 0. 1.]
10220503,245.32,38.3,2.2,18,1,2,4,[0. 0. 0. ... 0. 1. 1.]
10324367,519.7,151.0,3.1,37,4,5,10,[0. 1. 1. ... 0. 1. 1.]
10482134,530.6,78.9,6.7,39,0,6,20,[0. 0. 1. ... 0. 0. 0.]
11001318,308.1,63.3,4.2,20,1,4,2,[1. 1. 0. ... 0. 1. 1.]
11020241,214.19,113.0,0.0,13,2,6,2,[0. 0. 1. ... 0. 1. 0.]
11167602,482.8,92.4,4.2,33,3,8,5,[1. 0. 0. ... 0. 0. 1.]
11234049,370.3,106.0,1.4,27,1,8,4,[1. 1. 1. ... 1. 0. 1.]
11243969,315.4,90.4,0.7,23,2,4,2,[0. 0. 1. ... 0. 0. 1.]
11254352,274.99,138.0,0.0,15,6,7,5,[1. 0. 0. ... 0. 0. 0.]
11304743,422.4,138.0,1.6,31,2,9,5,[1. 1. 1. ... 1. 0. 1.]
11450633,339.4,93.7,0.6,25,1,5,3,[1. 0. 0. ... 1. 0. 1.]
11467166,564.6,112.0,0.0,34,1,7,10,[0. 1. 0. ... 0. 1. 1.]
11499245,151.93,29.5,0.0,11,1,3,0,[0. 0. 0. ... 0. 0. 0.]
11501341,358.4,39.7,4.2,26,1,5,12,[0. 0. 0. ... 0. 0. 1.]
11504294,502.5,175.0,0.0,36,6,10,9,[0. 1. 0. ... 0. 0. 1.]
11519069,508.5,29.5,0.0,33,1,3,8,[0. 0. 1. ... 0. 1. 1.]
11556711,719.9,159.0,4.7,52,4,8,20,[0. 1. 0. ... 1. 1. 1.]
11561674,460.5,128.0,1.8,32,1,7,8,[1. 1. 0. ... 1. 1. 1.]
11593706,211.64,96.1,0.0,13,3,5,2,[0. 0. 0. ... 0. 0. 1.]
11597697,455.6,207.0,0.0,29,5,9,8,[0. 0. 0. ... 0. 0. 1.]
11626560,450.3,78.0,3.7,30,2,6,5,[1. 1. 1. ... 1. 0. 1.]
11658859,250.16,13.0,0.0,15,3,2,0,[0. 0. 0. ... 0. 0. 1.]
11672461,957.9,269.0,0.0,55,0,17,18,[0. 1. 0. ... 0. 1. 1.]
11672602,1237.5,376.0,9.0,85,10,19,54,[1. 1. 1. ... 0. 1. 1.]
11707110,615.4,102.0,3.4,37,2,6,5,[1. 1. 1. ... 1. 1. 1.]
11947681,215.94,137.0,0.0,13,0,12,0,[0. 0. 0. ... 0. 0. 0.]
11949646,450.9,109.0,2.0,31,4,7,6,[1. 0. 0. ... 0. 1. 0.]
11979316,2140.5,991.0,0.0,148,27,32,38,[0. 1. 1. ... 0. 1. 1.]
13559281,433.6,57.6,2.9,32,1,4,3,[0. 0. 0. ... 0. 0. 1.]
14476155,324.4,62.4,3.4,24,1,4,3,[1. 1. 0. ... 0. 0. 1.]
15950376,273.32,73.4,3.8,19,2,5,2,[1. 1. 0. ... 0. 1. 1.]
15951529,464.4,109.0,3.6,32,1,8,3,[1. 1. 0. ... 0. 0. 1.]
16004692,588.3,137.0,3.7,32,2,10,11,[1. 1. 1. ... 0. 1. 1.]
16019977,236.42,0.0,0.0,2,0,0,0,[0. 0. 0. ... 0. 0. 0.]
16129616,3431.9,1560.0,-16.6,239,52,55,99,[1. 1. 1. ... 1. 1. 1.]
16129629,1620.7,702.0,-5.1,115,22,28,35,[1. 1. 1. ... 1. 1. 1.]
16129665,3056.4,1420.0,-13.4,215,52,48,109,[0. 1. 0. ... 0. 1. 1.]
16129672,5808.0,2450.0,-13.1,405,78,89,179,[1. 1. 1. ... 1. 1. 1.]
16129674,2933.4,1180.0,-7.9,208,42,41,96,[1. 1. 0. ... 1. 1. 1.]
16129682,4118.0,1800.0,-18.7,289,60,62,146,[1. 1. 1. ... 1. 1. 1.]
16129688,1620.7,702.0,-5.1,115,22,28,35,[1. 1. 1. ... 1. 1. 1.]
16129690,2639.2,1310.0,-14.0,177,42,46,40,[0. 1. 0. ... 0. 1. 1.]
16129703,6963.0,3240.0,-40.1,483,99,121,165,[1. 1. 1. ... 1. 1. 1.]
16129704,2180.3,902.0,-7.1,155,28,35,67,[0. 1. 1. ... 0. 1. 1.]
16130199,4492.0,1900.0,-14.7,319,63,67,151,[1. 1. 1. ... 1. 1. 1.]
16130295,6511.0,2820.0,-25.4,454,93,97,111,[0. 1. 1. ... 0. 1. 1.]
16130965,1690.4,526.0,0.0,120,18,20,48,[1. 1. 0. ... 0. 1. 1.]
16131215,1416.1,425.0,3.7,101,13,16,38,[1. 1. 1. ... 0. 1. 1.]
16131310,3008.3,1280.0,-10.8,213,41,44,95,[1. 1. 1. ... 0. 1. 1.]
16131923,1879.7,662.0,0.5,132,24,34,20,[1. 1. 1. ... 1. 1. 1.]
16132265,4541.0,1860.0,-19.7,322,63,68,148,[1. 1. 1. ... 1. 1. 1.]
16132283,3482.7,1560.0,-16.9,246,55,55,115,[1. 1. 1. ... 1. 1. 1.]
16132344,4670.0,2010.0,-18.6,328,66,71,161,[1. 1. 1. ... 1. 1. 1.]
16132418,5832.0,2350.0,0.0,406,86,91,188,[1. 1. 1. ... 1. 1. 1.]
16132438,5814.0,2310.0,0.0,405,84,89,185,[1. 1. 1. ... 1. 1. 1.]
16132441,6985.0,3110.0,-43.2,484,106,122,234,[1. 1. 1. ... 1. 1. 1.]
16132446,3951.0,1690.0,-16.7,277,58,59,122,[1. 1. 1. ... 1. 1. 1.]
16133802,2933.4,1180.0,-7.9,208,42,41,96,[1. 1. 0. ... 1. 1. 1.]
16134956,3751.0,1510.0,-3.4,266,54,55,132,[1. 1. 0. ... 1. 1. 1.]
16136245,1632.3,513.0,3.5,117,17,18,41,[1. 1. 1. ... 0. 1. 1.]
16136912,1793.1,561.0,1.5,125,20,29,19,[1. 1. 1. ... 1. 1. 1.]
16137271,5917.0,2400.0,-3.5,413,76,87,189,[1. 1. 1. ... 1. 1. 1.]
16139342,4858.0,2090.0,-30.8,342,70,77,170,[1. 1. 1. ... 1. 1. 1.]
16157882,4187.0,1780.0,-21.0,295,58,66,135,[1. 1. 1. ... 1. 1. 1.]
16213095,580.6,267.0,0.0,39,10,17,17,[1. 0. 0. ... 0. 0. 0.]
16220172,392.5,78.4,5.6,29,3,4,4,[1. 1. 0. ... 1. 0. 1.]
17754356,1477.9,222.0,0.0,105,0,22,18,[1. 0. 1. ... 0. 0. 1.]
19371515,307.4,38.1,1.7,23,0,3,1,[1. 1. 0. ... 0. 1. 1.]
22451303,390.35,187.0,-1.5,28,5,10,4,[1. 0. 1. ... 1. 1. 1.]
23652731,404.5,71.0,3.7,29,2,5,11,[0. 1. 0. ... 0. 1. 1.]
23668479,482.5,153.0,0.0,33,2,9,6,[1. 1. 1. ... 1. 0. 1.]
23689036,185.894,74.3,0.0,6,0,4,0,[0. 0. 0. ... 0. 0. 0.]
23690938,353.3,111.0,0.0,24,1,7,2,[1. 1. 1. ... 0. 0. 1.]
24776445,421.3,84.5,3.8,27,1,4,4,[1. 1. 0. ... 0. 1. 1.]
24812758,444.5,118.0,3.2,31,4,7,5,[1. 1. 0. ... 0. 1. 0.]
24821094,440.5,99.2,3.6,33,1,6,5,[1. 1. 1. ... 1. 0. 1.]
24822371,359.4,52.6,3.5,26,1,6,12,[1. 0. 0. ... 0. 0. 1.]
24826799,532.6,65.8,4.1,39,1,8,6,[1. 1. 0. ... 1. 1. 1.]
24838347,196.58,87.0,0.0,12,4,5,1,[0. 0. 1. ... 0. 0. 0.]
24846132,736.7,315.0,-7.7,50,11,21,15,[1. 0. 0. ... 0. 0. 0.]
24847741,414.5,82.2,1.4,30,0,6,2,[1. 0. 1. ... 0. 0. 0.]
24847863,810.4,158.0,3.8,56,2,11,6,[1. 0. 1. ... 0. 0. 1.]
24847874,1030.3,242.0,5.6,73,4,16,11,[1. 0. 1. ... 0. 0. 1.]
24873435,749.9,194.0,4.8,52,2,10,8,[1. 1. 1. ... 0. 1. 1.]
24965990,450.9,80.3,4.9,32,0,6,3,[1. 1. 1. ... 0. 1. 1.]
25074470,1311.4,490.0,-0.3,95,17,15,33,[1. 1. 0. ... 1. 1. 1.]
25074886,1545.1,536.0,0.0,109,17,21,38,[1. 1. 0. ... 0. 1. 1.]
25077179,1311.4,490.0,-0.3,95,17,15,33,[1. 1. 0. ... 1. 1. 1.]
25077594,1431.0,498.0,1.9,102,16,16,38,[1. 1. 0. ... 0. 1. 1.]
25077649,1322.5,475.0,0.8,96,16,15,33,[1. 1. 0. ... 1. 1. 1.]
25077993,1323.5,449.0,0.7,96,15,15,34,[1. 1. 0. ... 1. 1. 1.]
25081014,3464.0,1610.0,-17.2,239,55,55,91,[0. 1. 1. ... 0. 1. 1.]
25102847,501.5,98.8,5.4,37,2,7,8,[1. 0. 0. ... 0. 0. 1.]
25126797,422.4,158.0,0.0,31,3,8,6,[1. 0. 1. ... 1. 0. 0.]
25151504,776.0,195.0,5.7,54,3,10,20,[0. 1. 1. ... 0. 1. 1.]
25244225,591.5,376.0,-5.6,36,5,21,6,[1. 0. 1. ... 0. 1. 1.]
26275995,456.5,172.0,0.1,33,4,8,3,[1. 1. 1. ... 0. 0. 1.]
27885548,443.4,189.0,-1.2,32,5,8,2,[1. 1. 1. ... 0. 1. 1.]
42611257,489.9,100.0,5.0,33,2,7,7,[1. 1. 1. ... 1. 1. 1.]
44146714,6063.0,2590.0,-14.1,423,85,92,191,[1. 1. 1. ... 1. 1. 1.]
44201342,5136.0,2360.0,-23.3,361,83,76,187,[0. 1. 1. ... 0. 1. 1.]
44201343,7060.0,2970.0,-28.6,492,106,110,237,[1. 1. 1. ... 1. 1. 1.]
44462760,519.6,148.0,4.8,35,2,11,6,[1. 1. 1. ... 0. 1. 1.]
44564107,7595.0,3080.0,0.0,476,26,157,156,[1. 1. 1. ... 1. 1. 1.]
44567678,1816.7,573.0,3.8,128,21,30,22,[1. 1. 1. ... 1. 1. 1.]
45267081,1755.6,598.0,-2.1,121,23,31,30,[1. 1. 1. ... 1. 1. 1.]
45375808,529.5,153.0,1.0,36,3,11,11,[1. 0. 1. ... 1. 1. 1.]
46216142,441.4,102.0,0.0,31,1,8,3,[1. 1. 1. ... 1. 1. 1.]
49800003,1301.6,574.0,0.0,90,20,22,29,[0. 1. 1. ... 0. 1. 1.]
49800046,398.3,59.1,0.0,24,1,5,5,[1. 1. 1. ... 0. 0. 1.]
53320414,729.9,146.0,1.1,52,2,12,4,[1. 1. 0. ... 0. 0. 1.]
53477714,637.5,358.0,-5.9,39,5,22,12,[1. 0. 0. ... 0. 1. 1.]
53627505,57.07,17.1,0.6,4,0,1,1,[0. 0. 0. ... 0. 0. 0.]
54671203,444.4,182.0,-0.7,32,6,9,2,[1. 1. 1. ... 1. 1. 1.]
54675779,460.4,202.0,-1.6,33,7,10,2,[1. 1. 1. ... 1. 1. 1.]
54676537,353.3,109.0,2.5,26,1,6,4,[1. 1. 0. ... 1. 1. 1.]
54684141,270.21,73.1,3.3,19,2,6,2,[1. 0. 1. ... 0. 0. 1.]
54686183,1025.9,385.0,0.0,70,16,20,4,[1. 1. 1. ... 1. 1. 1.]
54686904,585.6,206.0,1.1,42,7,11,7,[1. 1. 1. ... 0. 0. 1.]
54687131,602.6,243.0,-4.4,43,9,13,10,[1. 1. 1. ... 0. 1. 1.]
56603655,541.6,171.0,0.5,36,4,10,24,[0. 1. 0. ... 0. 1. 1.]
56841124,916.1,188.0,0.0,64,5,14,22,[1. 0. 1. ... 1. 0. 1.]
56842239,909.4,112.0,0.0,66,3,6,40,[0. 0. 0. ... 0. 0. 0.]
57396865,360.4,52.6,3.5,26,1,6,12,[1. 0. 0. ... 0. 0. 1.]
70683012,3752.1,1650.0,-15.2,264,55,60,126,[1. 1. 1. ... 1. 1. 1.]
70683024,730.7,365.0,-8.6,50,12,20,19,[1. 0. 0. ... 0. 1. 1.]
70695640,331.9,0.0,0.0,23,0,1,6,[0. 0. 0. ... 0. 0. 1.]
70788982,1313.4,482.0,0.0,95,15,21,24,[1. 1. 0. ... 1. 1. 1.]
71306410,699.9,272.0,0.0,44,4,17,14,[0. 1. 1. ... 0. 1. 1.]
71306834,746.5,113.0,0.0,31,0,6,7,[0. 0. 0. ... 0. 0. 1.]
71306891,3039.4,1400.0,-13.1,214,51,46,109,[1. 1. 0. ... 1. 1. 1.]
