CID100000085						
CID100000119						
CID100000137						
CID100000143						
CID100000146						
CID100000158						
CID100000159						
CID100000160						
CID100000175						
CID100000187						
CID100000191						
CID100000206						
CID100000214						
CID100000222						
CID100000232						
CID100000244						
CID100000247						
CID100000271						
CID100000297						
CID100000298						
CID100000303						
CID100000305						
CID100000311						
CID100000312						
CID100000338						
CID100000401						
CID100000444						
CID100000450						
CID100000453						
CID100000564						
CID100000581						
CID100000596						
CID100000598						
CID100000612						
CID100000679						
CID100000681						
CID100000698						
CID100000699						
CID100000700						
CID100000727						
CID100000738						
CID100000750						
CID100000753						
CID100000767						
CID100000772						
CID100000774						
CID100000785						
CID100000813						
CID100000815						
CID100000838						
CID100000853						
CID100000861						
CID100000888						
CID100000896						
CID100000923						
CID100000937						
CID100000942						
CID100000946						
CID100000948						
CID100000951						
CID100000961						
CID100001003						
CID100001046						
CID100001054						
CID100001065						
CID100001071						
CID100001084						
CID100001125						
CID100001130						
CID100001134						
CID100001206						
CID100001301						
CID100001546						
CID100001690						
CID100001727						
CID100001775						
CID100001798						
CID100001805						
CID100001875						
CID100001971						
CID100001972						
CID100001978						
CID100001983						
CID100001986						
CID100001990						
CID100001993						
CID100002019						
CID100002021						
CID100002022						
CID100002082						
CID100002083						
CID100002085						
CID100002088						
CID100002092						
CID100002094						
CID100002099						
CID100002118						
CID100002123						
CID100002130						
CID100002133						
CID100002140						
CID100002141						
CID100002142						
CID100002145						
CID100002148						
CID100002153						
CID100002156						
CID100002159						
CID100002160						
CID100002161						
CID100002162						
CID100002163						
CID100002168						
CID100002170						
CID100002171						
CID100002173						
CID100002177						
CID100002179						
CID100002182						
CID100002187						
CID100002215						
CID100002216						
CID100002232						
CID100002244						
CID100002249						
CID100002250						
CID100002265						
CID100002266						
CID100002267						
CID100002269						
CID100002274						
CID100002284						
CID100002307						
CID100002308						
CID100002311						
CID100002315						
CID100002337						
CID100002341						
CID100002344						
CID100002345						
CID100002349						
CID100002350						
CID100002351						
CID100002366						
CID100002367						
CID100002369						
CID100002370						
CID100002375						
CID100002391						
CID100002405						
CID100002431						
CID100002435						
CID100002441						
CID100002442						
CID100002443						
CID100002462						
CID100002471						
CID100002474						
CID100002476						
CID100002477						
CID100002478						
CID100002479						
CID100002484						
CID100002487						
CID100002512						
CID100002519						
CID100002520						
CID100002522						
CID100002524						
CID100002540						
CID100002541						
CID100002547						
CID100002548						
CID100002550						
CID100002551						
CID100002554						
CID100002559						
CID100002563						
CID100002564						
CID100002576						
CID100002578						
CID100002583						
CID100002585						
CID100002609						
CID100002610						
CID100002617						
CID100002622						
CID100002631						
CID100002637						
CID100002646						
CID100002650						
CID100002654						
CID100002655						
CID100002656						
CID100002658						
CID100002662						
CID100002663						
CID100002666						
CID100002675						
CID100002676						
CID100002678						
CID100002684						
CID100002708						
CID100002712						
CID100002713						
CID100002719						
CID100002720						
CID100002725						
CID100002726						
CID100002727						
CID100002732						
CID100002733						
CID100002749						
CID100002751						
CID100002754						
CID100002756						
CID100002762						
CID100002764						
CID100002767						
CID100002771						
CID100002781						
CID100002786						
CID100002789						
CID100002791						
CID100002792						
CID100002794						
CID100002800						
CID100002801						
CID100002802						
CID100002803						
CID100002806						
CID100002809						
CID100002812						
CID100002818						
CID100002826						
CID100002828						
CID100002833						
CID100002881						
CID100002883						
CID100002891						
CID100002895						
CID100002905						
CID100002907						
CID100002909						
CID100002913						
CID100002914						
CID100002949						
CID100002951						
CID100002955						
CID100002958						
CID100002972						
CID100002973						
CID100002978						
CID100002995						
CID100003000						
CID100003003						
CID100003007						
CID100003008						
CID100003009						
CID100003015						
CID100003016						
CID100003019						
CID100003032						
CID100003038						
CID100003040						
CID100003042						
CID100003043						
CID100003053						
CID100003056						
CID100003059						
CID100003060						
CID100003062						
CID100003063						
CID100003066						
CID100003075						
CID100003080						
CID100003100						
CID100003105						
CID100003108						
CID100003114						
CID100003117						
CID100003121						
CID100003125						
CID100003143						
CID100003148						
CID100003151						
CID100003152						
CID100003154						
CID100003155						
CID100003156						
CID100003157						
CID100003158						
CID100003168						
CID100003171						
CID100003182						
CID100003198						
CID100003199						
CID100003202						
CID100003203						
CID100003209						
CID100003219						
CID100003222						
CID100003226						
CID100003241						
CID100003249						
CID100003250						
CID100003251						
CID100003255						
CID100003256						
CID100003261						
CID100003263						
CID100003267						
CID100003268						
CID100003269						
CID100003278						
CID100003279						
CID100003291						
CID100003292						
CID100003305						
CID100003308						
CID100003310						
CID100003324						
CID100003325						
CID100003331						
CID100003333						
CID100003339						
CID100003340						
CID100003342						
CID100003345						
CID100003348						
CID100003350						
CID100003354						
CID100003355						
CID100003363						
CID100003364						
CID100003365						
CID100003366						
CID100003367						
CID100003368						
CID100003370						
CID100003372						
CID100003373						
CID100003375						
CID100003379						
CID100003380						
CID100003381						
CID100003382						
CID100003384						
CID100003385						
CID100003386						
CID100003387						
CID100003388						
CID100003392						
CID100003393						
CID100003394						
CID100003397						
CID100003399						
CID100003403						
CID100003404						
CID100003405						
CID100003406						
CID100003410						
CID100003414						
CID100003417						
CID100003419						
CID100003425						
CID100003440						
CID100003443						
CID100003446						
CID100003449						
CID100003454						
CID100003461						
CID100003462						
CID100003463						
CID100003467						
CID100003475						
CID100003476						
CID100003478						
CID100003488						
CID100003494						
CID100003510						
CID100003512						
CID100003516						
CID100003517						
CID100003519						
CID100003520						
CID100003553						
CID100003559						
CID100003598						
CID100003623						
CID100003636						
CID100003637						
CID100003639						
CID100003640						
CID100003642						
CID100003647						
CID100003648						
CID100003652						
CID100003657						
CID100003658						
CID100003661						
CID100003672						
CID100003675						
CID100003676						
CID100003685						
CID100003687						
CID100003690						
CID100003696						
CID100003702						
CID100003706						
CID100003715						
CID100003724						
CID100003730						
CID100003734						
CID100003736						
CID100003737						
CID100003738						
CID100003739						
CID100003741						
CID100003742						
CID100003743						
CID100003746						
CID100003749						
CID100003750						
CID100003759						
CID100003763						
CID100003767						
CID100003777						
CID100003779						
CID100003780						
CID100003783						
CID100003784						
CID100003793						
CID100003821						
CID100003823						
CID100003825						
CID100003826						
CID100003827						
CID100003830						
CID100003848						
CID100003869						
CID100003872						
CID100003877						
CID100003878						
CID100003883						
CID100003890						
CID100003899						
CID100003902						
CID100003911						
CID100003914						
CID100003915						
CID100003916						
CID100003918						
CID100003928						
CID100003929						
CID100003937						
CID100003938						
CID100003939						
CID100003948						
CID100003950						
CID100003954						
CID100003957						
CID100003958						
CID100003961						
CID100003962						
CID100003964						
CID100003998						
CID100004004						
CID100004011						
CID100004030						
CID100004031						
CID100004032						
CID100004033						
CID100004034						
CID100004036						
CID100004042						
CID100004043						
CID100004044						
CID100004046						
CID100004048						
CID100004051						
CID100004053						
CID100004054						
CID100004057						
CID100004058						
CID100004060						
CID100004062						
CID100004064						
CID100004075						
CID100004086						
CID100004091						
CID100004095						
CID100004101						
CID100004107						
CID100004112						
CID100004114						
CID100004120						
CID100004121						
CID100004138						
CID100004139						
CID100004140						
CID100004158						
CID100004159						
CID100004160						
CID100004163						
CID100004168						
CID100004170						
CID100004171						
CID100004173						
CID100004174						
CID100004178						
CID100004184						
CID100004189						
CID100004192						
CID100004195						
CID100004196						
CID100004197						
CID100004201						
CID100004205						
CID100004211						
CID100004212						
CID100004235						
CID100004236						
CID100004240						
CID100004248						
CID100004253						
CID100004259						
CID100004264						
CID100004271						
CID100004272						
CID100004274						
CID100004409						
CID100004411						
CID100004419						
CID100004421						
CID100004422						
CID100004425						
CID100004428						
CID100004432						
CID100004436						
CID100004440						
CID100004443						
CID100004449						
CID100004450						
CID100004451						
CID100004454						
CID100004456						
CID100004463						
CID100004473						
CID100004485						
CID100004493						
CID100004497						
CID100004499						
CID100004506						
CID100004509						
CID100004510						
CID100004513						
CID100004536						
CID100004539						
CID100004542						
CID100004543						
CID100004547						
CID100004568						
CID100004583						
CID100004585						
CID100004594						
CID100004595						
CID100004599						
CID100004601						
CID100004603						
CID100004607						
CID100004609						
CID100004614						
CID100004616						
CID100004623						
CID100004631						
CID100004634						
CID100004635						
CID100004638						
CID100004639						
CID100004649						
CID100004666						
CID100004673						
CID100004675						
CID100004678						
CID100004679						
CID100004680						
CID100004689						
CID100004691						
CID100004695						
CID100004724						
CID100004725						
CID100004727						
CID100004730						
CID100004735						
CID100004736						
CID100004737						
CID100004739						
CID100004740						
CID100004745						
CID100004746						
CID100004747						
CID100004748						
CID100004756						
CID100004763						
CID100004768						
CID100004771						
CID100004775						
CID100004782						
CID100004786						
CID100004810						
CID100004811						
CID100004812						
CID100004819						
CID100004828						
CID100004829						
CID100004834						
CID100004845						
CID100004865						
CID100004868						
CID100004870						
CID100004885						
CID100004889						
CID100004891						
CID100004893						
CID100004894						
CID100004895						
CID100004896						
CID100004900						
CID100004906						
CID100004908						
CID100004909						
CID100004911						
CID100004913						
CID100004914						
CID100004915						
CID100004917						
CID100004920						
CID100004923						
CID100004927						
CID100004932						
CID100004934						
CID100004935						
CID100004943						
CID100004946						
CID100004976						
CID100004989						
CID100004991						
CID100004992						
CID100004993						
CID100004999						
CID100005002						
CID100005005						
CID100005029						
CID100005032						
CID100005035						
CID100005038						
CID100005039						
CID100005040						
CID100005051						
CID100005052						
CID100005064						
CID100005070						
CID100005071						
CID100005073						
CID100005076						
CID100005077						
CID100005078						
CID100005090						
CID100005095						
CID100005106						
CID100005152						
CID100005155						
CID100005161						
CID100005184						
CID100005193						
CID100005195						
CID100005203						
CID100005206						
CID100005210						
CID100005212						
CID100005214						
CID100005215						
CID100005238						
CID100005245						
CID100005248						
CID100005253						
CID100005257						
CID100005267						
CID100005291						
CID100005297						
CID100005300						
CID100005311						
CID100005314						
CID100005318						
CID100005320						
CID100005329						
CID100005333						
CID100005352						
CID100005358						
CID100005359						
CID100005372						
CID100005376						
CID100005379						
CID100005381						
CID100005391						
CID100005394						
CID100005396						
CID100005401						
CID100005402						
CID100005403						
CID100005404						
CID100005407						
CID100005408						
CID100005409						
CID100005410						
CID100005411						
CID100005419						
CID100005426						
CID100005430						
CID100005452						
CID100005453						
CID100005454						
CID100005466						
CID100005468						
CID100005470						
CID100005472						
CID100005478						
CID100005479						
CID100005483						
CID100005486						
CID100005487						
CID100005496						
CID100005503						
CID100005505						
CID100005508						
CID100005512						
CID100005514						
CID100005515						
CID100005516						
CID100005523						
CID100005524						
CID100005525						
CID100005526						
CID100005530						
CID100005533						
CID100005538						
CID100005544						
CID100005546						
CID100005556						
CID100005564						
CID100005565						
CID100005566						
CID100005572						
CID100005576						
CID100005577						
CID100005578						
CID100005582						
CID100005584						
CID100005591						
CID100005593						
CID100005595						
CID100005596						
CID100005625						
CID100005636						
CID100005645						
CID100005647						
CID100005650						
CID100005651						
CID100005656						
CID100005665						
CID100005672						
CID100005717						
CID100005718						
CID100005719						
CID100005721						
CID100005726						
CID100005727						
CID100005731						
CID100005732						
CID100005734						
CID100005735						
CID100005746						
CID100005771						
CID100005775						
CID100005877						
CID100005878						
CID100005939						
CID100005978						
CID100006018						
CID100006049						
CID100006058						
CID100006116						
CID100006238						
CID100006256						
CID100006432						
CID100006436						
CID100006451						
CID100006468						
CID100006476						
CID100006503						
CID100006726						
CID100007012						
CID100007029						
CID100007187						
CID100007638						
CID100007699						
CID100008197						
CID100008230						
CID100008612						
CID100008982						
CID100009034						
CID100009354						
CID100009433						
CID100009904						
CID100010100						
CID100010340						
CID100010413						
CID100010547						
CID100010631						
CID100010660						
CID100011125						
CID100011973						
CID100012453						
CID100012460						
CID100012536						
CID100012555						
CID100012559						
CID100012597						
CID100012620						
CID100013314						
CID100013342						
CID100014789						
CID100014888						
CID100014917						
CID100015232						
CID100015459						
CID100016124						
CID100016230						
CID100016362						
CID100016533						
CID100016850						
CID100016886						
CID100017358						
CID100018140						
CID100019090						
CID100020585						
CID100020969						
CID100021800						
CID100021945						
CID100022258						
CID100022318						
CID100022502						
CID100023703						
CID100023897						
CID100023925						
CID100023926						
CID100023951						
CID100023954						
CID100023957						
CID100023976						
CID100023978						
CID100023982						
CID100023993						
CID100023994						
CID100024087						
CID100024414						
CID100024424						
CID100024450						
CID100024642						
CID100024706						
CID100024748						
CID100024841						
CID100025419						
CID100025959						
CID100027304						
CID100027400						
CID100027661						
CID100027991						
CID100027993						
CID100028332						
CID100028486						
CID100029089						
CID100030623						
CID100031072						
CID100031264						
CID100031378						
CID100031477						
CID100032169						
CID100032281						
CID100032603						
CID100032797						
CID100032800						
CID100034312						
CID100036339						
CID100036523						
CID100036811						
CID100037392						
CID100037720						
CID100038904						
CID100039042						
CID100039507						
CID100039524						
CID100039764						
CID100039860						
CID100040159						
CID100040632						
CID100040703						
CID100040973						
CID100040976						
CID100041317						
CID100041684						
CID100041693						
CID100041744						
CID100041774						
CID100041781						
CID100042113						
CID100042395						
CID100042615						
CID100042955						
CID100044563						
CID100044564						
CID100045469						
CID100047319						
CID100047320						
CID100047419						
CID100047471						
CID100047528						
CID100047640						
CID100047725						
CID100050294						
CID100050614						
CID100051263						
CID100051577						
CID100051634						
CID100052421						
CID100054158						
CID100054313						
CID100054331						
CID100054373						
CID100054454						
CID100054547						
CID100054688						
CID100054786						
CID100054808						
CID100054840						
CID100054949						
CID100055331						
CID100055466						
CID100055480						
CID100056338						
CID100056959						
CID100057166						
CID100057469						
CID100057537						
CID100057697						
CID100059708						
CID100059768						
CID100060146						
CID100060164						
CID100060172						
CID100060183						
CID100060184						
CID100060198						
CID100060490						
CID100060496						
CID100060612						
CID100060613						
CID100060668						
CID100060695						
CID100060706						
CID100060714						
CID100060726						
CID100060751						
CID100060752						
CID100060754						
CID100060787						
CID100060795						
CID100060814						
CID100060830						
CID100060834						
CID100060843						
CID100060852						
CID100060853						
CID100060860						
CID100060864						
CID100060867						
CID100060871						
CID100060877						
CID100060878						
CID100060936						
CID100060953						
CID100061475						
CID100061799						
CID100062305						
CID100062358						
CID100062816						
CID100062819						
CID100062924						
CID100062956						
CID100062959						
CID100062965						
CID100063001						
CID100064147						
CID100064778						
CID100064929						
CID100064987						
CID100065014						
CID100065157						
CID100065281						
CID100065370						
CID100065628						
CID100065840						
CID100065856						
CID100065863						
CID100065866						
CID100065999						
CID100068613						
CID100068740						
CID100068844						
CID100069512						
CID100071158						
CID100071273						
CID100071301						
CID100071316						
CID100071329						
CID100071348						
CID100071360						
CID100071362						
CID100071406						
CID100071436						
CID100071469						
CID100071616						
CID100072022						
CID100072054						
CID100072081						
CID100072111						
CID100072466						
CID100072938						
CID100073303						
CID100073658						
CID100074989						
CID100077992						
CID100077993						
CID100077996						
CID100077997						
CID100077998						
CID100078032						
CID100082146						
CID100082148						
CID100083030						
CID100083513						
CID100083606						
CID100084003						
CID100091488						
CID100093860						
CID100096312						
CID100102258						
CID100102399						
CID100104741						
CID100104758						
CID100104778						
CID100104799						
CID100104849						
CID100104865						
CID100105145						
CID100107694						
CID100107969						
CID100107994						
CID100110634						
CID100110635						
CID100114709						
CID100115237						
CID100115355						
CID100119182						
CID100119212						
CID100119607						
CID100119828						
CID100119830						
CID100121396						
CID100121749						
CID100121892						
CID100122197						
CID100122316						
CID100123015						
CID100123597						
CID100123606						
CID100123610						
CID100123611						
CID100123619						
CID100123620						
CID100123623						
CID100123631						
CID100123634						
CID100123809						
CID100124087						
CID100125017						
CID100125889						
CID100127909						
CID100128549						
CID100129228						
CID100129806						
CID100130564						
CID100130881						
CID100131535						
CID100132804						
CID100132971						
CID100132999						
CID100134018						
CID100134019						
CID100134780						
CID100135113						
CID100145068						
CID100147740						
CID100147912						
CID100148121						
CID100148127						
CID100148191						
CID100148192						
CID100148211						
CID100150310						
CID100150311						
CID100150610						
CID100151075						
CID100151165						
CID100151171						
CID100152945						
CID100153941						
CID100153994						
CID100154058						
CID100154256						
CID100156326						
CID100156418						
CID100157429						
CID100157688						
CID100157920						
CID100157921						
CID100158781						
CID100158786						
CID100159247						
CID100160036						
CID100160051						
CID100160352						
CID100163296						
CID100166548						
CID100168625						
CID100168924						
CID100170361						
CID100171558						
CID100176870						
CID100179344						
CID100185457						
CID100192155						
CID100193962						
CID100197281						
CID100197712						
CID100206527						
CID100208898						
CID100208902						
CID100208908						
CID100208920						
CID100213023						
CID100213039						
CID100213046						
CID100214339						
CID100216209						
CID100216210						
CID100216235						
CID100216237						
CID100216239						
CID100216258						
CID100216326						
CID100216416						
CID100219024						
CID100219078						
CID100219084						
CID100219090						
CID100222786						
CID100315411						
CID100358641						
CID100441332						
CID100441382						
CID100443379						
CID100444006						
CID100444013						
CID100444033						
CID100449193						
CID100455658						
CID100477468						
CID100483407						
CID100489129						
CID100517045						
CID100644241						
CID100656628						
CID100656892						
CID100657298						
CID100667490						
CID101349907						
CID102723601						
CID102761171						
CID103006171						
CID103010818						
CID103038497						
CID103052762						
CID103055172						
CID103062316						
CID103080904						
CID103081276						
CID103081361						
CID103081362						
CID103081884						
CID103085017						
CID103086257						
CID103086685						
CID103086686						
CID103325225						
CID104369359						
CID104474778						
CID104479094						
CID104479097						
CID104517618						
CID104630253						
CID104659568						
CID104659569						
CID105001396						
CID105251896						
CID105273759						
CID105277135						
CID105281007						
CID105310993						
CID105311167						
CID105327147						
CID105328940						
CID105353894						
CID105353980						
CID105359596						
CID105360237						
CID105361912						
CID105361917						
CID105362070						
CID105362420						
CID105381226						
CID105462337						
CID105464096						
CID105479141						
CID105487068						
CID105487301						
CID105488383						
CID105488547						
CID105493381						
CID106102852						
CID106323497						
CID106326970						
CID106328144						
CID106328526						
CID106331630						
CID106333887						
CID106398970						
CID106433082						
CID106433091						
CID106433101						
CID106433117						
CID106433119						
CID106435110						
CID106437075						
CID106440191						
CID106442177						
CID106445540						
CID106452749						
CID106453361						
CID106477186						
CID106850789						
CID106850791						
CID106918182						
CID106918313						
CID106918366						
CID106918430						
CID106918456						
CID106918462						
CID106918558						
CID106918584						
CID106918638						
CID106918670						
CID109794842						
CID109800339						
CID109810131						
CID109811221						
CID109812414						
CID109815559						
CID109818231						
CID109825285						
CID109831414						
CID109831761						
CID109831783						
CID109846180						
CID109853053						
CID109854489						
CID109865528						
CID109869929						
CID109871419						
CID109887712						
CID109898619						
CID109912092						
CID109924495						
CID109930048						
CID109940864						
CID109941444						
CID109966051						
CID110028615						
CID110096344						
CID110107393						
CID110113978						
CID110163178						
CID110178705						
CID110182969						
CID110324367						
CID110465263						
CID110482134						
CID111001318						
CID111020241						
CID111163584						
CID111167602						
CID111228026						
CID111234049						
CID111235728						
CID111238823						
CID111254352						
CID111304743						
CID111499245						
CID111501341						
CID111505907						
CID111519069						
CID111531537						
CID111556711						
CID111593706						
CID111597571						
CID111597697						
CID111672461						
CID111707110						
CID111722286						
CID111947681						
CID111949646						
CID111979316						
CID113559279						
CID115951529						
CID116004692						
CID116065945						
CID116126651						
CID116129616						
CID116129617						
CID116129629						
CID116129632						
CID116129665						
CID116129672						
CID116129682						
CID116129690						
CID116129701						
CID116129703						
CID116129704						
CID116130199						
CID116130295						
CID116130957						
CID116131215						
CID116131310						
CID116132265						
CID116132283						
CID116132344						
CID116132418						
CID116132438						
CID116132441						
CID116132446						
CID116134956						
CID116136245						
CID116137271						
CID116139342						
CID116139605						
CID116156130						
CID116158207						
CID116158473						
CID116213095						
CID116220172						
CID117754772						
CID119371515						
CID122834577						
CID123668479						
CID123689036						
CID123690938						
CID124762228						
CID124776445						
CID124812758						
CID124822371						
CID124826799						
CID124838347						
CID124846132						
CID124950485						
CID124965990						
CID125074470						
CID125074886						
CID125077405						
CID125077993						
CID125094462						
CID125102847						
CID125880656						
CID125880664						
CID126275995						
CID140468184						
CID142611257						
CID144134877						
CID144146714						
CID144201342						
CID144201343						
CID144462760						
CID144564107						
CID144564722						
CID144567678						
CID146181941						
CID146216142						
CID151508717						
CID151601240						
CID153477714						
CID153627505						
CID154677977						
CID154681041						
CID154682541						
CID154687131						
CID156603655						
CID156842239						
CID170683024						
CID170695640						
CID171306834						